,pdb,poserank,similarity,RMSD,rmsd_weight,similarity_weight,weight,label
0,1a30,1,6.557377049180328,5.4,0.0,0.0,0.0,0
1,1a30,2,1.639344262295082,9.04,0.0,0.0,0.0,0
2,1a30,3,0.0,6.84,0.0,0.0,0.0,0
3,1a30,4,5.737704918032787,7.84,0.0,0.0,0.0,0
4,1a30,5,6.557377049180328,6.18,0.0,0.0,0.0,0
5,1a30,6,31.967213114754102,4.11,0.0,0.0,0.0,0
6,1a30,7,8.19672131147541,8.16,0.0,0.0,0.0,0
7,1a30,8,45.90163934426229,2.8,7.0,0.0,0.35,0
8,1a30,9,0.8196721311475411,9.83,0.0,0.0,0.0,0
9,1a30,10,0.0,7.69,0.0,0.0,0.0,0
10,1bcu,1,92.72727272727272,0.48,10.0,10.0,1.0,1
11,1bcu,2,0.0,2.66,7.0,0.0,0.35,0
12,1bcu,3,5.454545454545454,0.4,10.0,0.0,0.5,0
13,1bcu,4,34.54545454545455,2.67,7.0,0.0,0.35,0
14,1bcu,5,1.818181818181818,1.3,10.0,0.0,0.5,0
15,1bcu,6,0.0,3.08,0.0,0.0,0.0,0
16,1bcu,7,29.09090909090909,2.8,7.0,0.0,0.35,0
17,1bcu,8,54.54545454545454,2.01,7.0,0.0,0.35,0
18,1bcu,9,1.818181818181818,3.73,0.0,0.0,0.0,0
19,1bcu,10,0.0,3.45,0.0,0.0,0.0,0
20,1bzc,1,66.94214876033058,0.62,10.0,0.0,0.5,0
21,1bzc,2,88.42975206611571,0.9,10.0,10.0,1.0,1
22,1bzc,3,63.63636363636363,1.3,10.0,0.0,0.5,0
23,1bzc,4,62.8099173553719,2.0,7.0,0.0,0.35,0
24,1bzc,5,55.371900826446286,2.98,7.0,0.0,0.35,0
25,1bzc,6,55.371900826446286,2.69,7.0,0.0,0.35,0
26,1bzc,7,16.528925619834713,3.16,0.0,0.0,0.0,0
27,1bzc,8,76.85950413223141,3.87,0.0,7.0,0.35,0
28,1bzc,9,33.057851239669425,2.23,7.0,0.0,0.35,0
29,1bzc,10,0.0,2.76,7.0,0.0,0.35,0
30,1c5z,1,60.75949367088608,0.37,10.0,0.0,0.5,0
31,1c5z,2,48.10126582278481,0.29,10.0,0.0,0.5,0
32,1c5z,3,34.177215189873415,0.34,10.0,0.0,0.5,0
33,1c5z,4,8.860759493670885,3.59,0.0,0.0,0.0,0
34,1c5z,5,1.265822784810126,4.11,0.0,0.0,0.0,0
35,1c5z,6,7.59493670886076,3.95,0.0,0.0,0.0,0
36,1c5z,7,3.79746835443038,3.39,0.0,0.0,0.0,0
37,1c5z,8,18.9873417721519,3.39,0.0,0.0,0.0,0
38,1c5z,9,12.658227848101266,3.18,0.0,0.0,0.0,0
39,1c5z,10,0.0,3.17,0.0,0.0,0.0,0
40,1e66,1,79.13043478260869,0.28,10.0,7.0,0.85,1
41,1e66,2,0.0,,,0.0,,0
42,1e66,3,0.0,,,0.0,,0
43,1e66,4,0.0,,,0.0,,0
44,1e66,5,0.0,,,0.0,,0
45,1e66,6,0.0,,,0.0,,0
46,1e66,7,0.0,,,0.0,,0
47,1e66,8,0.0,,,0.0,,0
48,1e66,9,0.0,,,0.0,,0
49,1e66,10,0.0,,,0.0,,0
50,1eby,1,82.27848101265823,0.37,10.0,10.0,1.0,1
51,1eby,2,8.860759493670885,0.76,10.0,0.0,0.5,0
52,1eby,3,5.69620253164557,1.88,10.0,0.0,0.5,0
53,1eby,4,5.69620253164557,1.92,10.0,0.0,0.5,0
54,1eby,5,40.50632911392405,1.97,10.0,0.0,0.5,0
55,1eby,6,38.607594936708864,1.96,10.0,0.0,0.5,0
56,1eby,7,19.62025316455696,2.7,7.0,0.0,0.35,0
57,1eby,8,51.26582278481012,4.19,0.0,0.0,0.0,0
58,1eby,9,6.329113924050633,4.21,0.0,0.0,0.0,0
59,1eby,10,0.0,4.41,0.0,0.0,0.0,0
60,1g2k,1,76.8361581920904,0.55,10.0,7.0,0.85,1
61,1g2k,2,69.49152542372882,1.6,10.0,0.0,0.5,0
62,1g2k,3,21.468926553672315,10.29,0.0,0.0,0.0,0
63,1g2k,4,17.51412429378531,8.12,0.0,0.0,0.0,0
64,1g2k,5,6.779661016949152,10.66,0.0,0.0,0.0,0
65,1g2k,6,22.033898305084744,6.68,0.0,0.0,0.0,0
66,1g2k,7,1.694915254237288,5.25,0.0,0.0,0.0,0
67,1g2k,8,18.64406779661017,7.87,0.0,0.0,0.0,0
68,1g2k,9,1.694915254237288,5.37,0.0,0.0,0.0,0
69,1g2k,10,0.0,5.44,0.0,0.0,0.0,0
70,1gpk,1,83.61581920903954,0.25,10.0,10.0,1.0,1
71,1gpk,2,17.51412429378531,3.62,0.0,0.0,0.0,0
72,1gpk,3,15.819209039548024,4.75,0.0,0.0,0.0,0
73,1gpk,4,23.728813559322035,3.52,0.0,0.0,0.0,0
74,1gpk,5,12.429378531073446,4.88,0.0,0.0,0.0,0
75,1gpk,6,49.717514124293785,1.42,10.0,0.0,0.5,0
76,1gpk,7,17.51412429378531,4.67,0.0,0.0,0.0,0
77,1gpk,8,15.254237288135593,4.86,0.0,0.0,0.0,0
78,1gpk,9,16.38418079096045,3.93,0.0,0.0,0.0,0
79,1gpk,10,0.0,,,0.0,,0
80,1gpn,1,11.39240506329114,4.43,0.0,0.0,0.0,0
81,1gpn,2,83.54430379746836,0.4,10.0,10.0,1.0,1
82,1gpn,3,16.455696202531644,3.86,0.0,0.0,0.0,0
83,1gpn,4,12.658227848101266,4.6,0.0,0.0,0.0,0
84,1gpn,5,3.79746835443038,4.45,0.0,0.0,0.0,0
85,1gpn,6,49.36708860759494,1.4,10.0,0.0,0.5,0
86,1gpn,7,3.79746835443038,4.27,0.0,0.0,0.0,0
87,1gpn,8,8.860759493670885,4.44,0.0,0.0,0.0,0
88,1gpn,9,20.253164556962027,3.95,0.0,0.0,0.0,0
89,1gpn,10,0.0,,,0.0,,0
90,1h22,1,5.223880597014925,6.42,0.0,0.0,0.0,0
91,1h22,2,42.53731343283582,6.38,0.0,0.0,0.0,0
92,1h22,3,2.985074626865671,3.46,0.0,0.0,0.0,0
93,1h22,4,19.402985074626866,,,0.0,,0
94,1h22,5,61.19402985074627,1.65,10.0,0.0,0.5,0
95,1h22,6,1.492537313432835,2.76,7.0,0.0,0.35,0
96,1h22,7,2.985074626865671,2.88,7.0,0.0,0.35,0
97,1h22,8,51.49253731343284,3.03,0.0,0.0,0.0,0
98,1h22,9,1.492537313432835,,,0.0,,0
99,1h22,10,0.0,3.96,0.0,0.0,0.0,0
100,1h23,1,4.526748971193416,6.49,0.0,0.0,0.0,0
101,1h23,2,39.09465020576132,6.43,0.0,0.0,0.0,0
102,1h23,3,13.580246913580247,4.12,0.0,0.0,0.0,0
103,1h23,4,1.646090534979424,2.84,7.0,0.0,0.35,0
104,1h23,5,25.514403292181072,2.95,7.0,0.0,0.35,0
105,1h23,6,67.48971193415639,1.3,10.0,0.0,0.5,0
106,1h23,7,1.234567901234567,5.61,0.0,0.0,0.0,0
107,1h23,8,9.053497942386832,4.57,0.0,0.0,0.0,0
108,1h23,9,10.2880658436214,4.33,0.0,0.0,0.0,0
109,1h23,10,0.0,4.25,0.0,0.0,0.0,0
110,1k1i,1,74.66666666666667,4.73,0.0,7.0,0.35,0
111,1k1i,2,81.33333333333333,2.0,7.0,10.0,0.85,1
112,1k1i,3,50.0,4.95,0.0,0.0,0.0,0
113,1k1i,4,52.0,4.51,0.0,0.0,0.0,0
114,1k1i,5,31.333333333333336,3.3,0.0,0.0,0.0,0
115,1k1i,6,51.33333333333333,3.56,0.0,0.0,0.0,0
116,1k1i,7,50.0,5.67,0.0,0.0,0.0,0
117,1k1i,8,4.0,6.36,0.0,0.0,0.0,0
118,1k1i,9,2.666666666666667,6.38,0.0,0.0,0.0,0
119,1k1i,10,0.0,4.4,0.0,0.0,0.0,0
120,1lpg,1,20.689655172413794,10.17,0.0,0.0,0.0,0
121,1lpg,2,0.0,9.07,0.0,0.0,0.0,0
122,1lpg,3,36.7816091954023,1.03,10.0,0.0,0.5,0
123,1lpg,4,19.54022988505747,10.23,0.0,0.0,0.0,0
124,1lpg,5,11.494252873563218,10.42,0.0,0.0,0.0,0
125,1lpg,6,0.0,8.64,0.0,0.0,0.0,0
126,1lpg,7,0.57471264367816,8.21,0.0,0.0,0.0,0
127,1lpg,8,24.137931034482758,10.03,0.0,0.0,0.0,0
128,1lpg,9,54.59770114942529,2.51,7.0,0.0,0.35,0
129,1lpg,10,0.0,10.55,0.0,0.0,0.0,0
130,1mq6,1,57.72357723577236,1.4,10.0,0.0,0.5,0
131,1mq6,2,53.65853658536586,1.42,10.0,0.0,0.5,0
132,1mq6,3,57.72357723577236,1.64,10.0,0.0,0.5,0
133,1mq6,4,47.15447154471545,2.64,7.0,0.0,0.35,0
134,1mq6,5,61.78861788617886,2.01,7.0,0.0,0.35,0
135,1mq6,6,5.691056910569105,7.94,0.0,0.0,0.0,0
136,1mq6,7,0.8130081300813,8.57,0.0,0.0,0.0,0
137,1mq6,8,4.065040650406503,9.37,0.0,0.0,0.0,0
138,1mq6,9,8.130081300813007,6.95,0.0,0.0,0.0,0
139,1mq6,10,0.0,10.4,0.0,0.0,0.0,0
140,1nc1,1,82.70676691729322,0.39,10.0,10.0,1.0,1
141,1nc1,2,0.0,,,0.0,,0
142,1nc1,3,6.766917293233082,5.81,0.0,0.0,0.0,0
143,1nc1,4,14.285714285714285,3.63,0.0,0.0,0.0,0
144,1nc1,5,0.75187969924812,5.35,0.0,0.0,0.0,0
145,1nc1,6,7.518796992481203,3.72,0.0,0.0,0.0,0
146,1nc1,7,3.759398496240601,5.56,0.0,0.0,0.0,0
147,1nc1,8,1.50375939849624,5.85,0.0,0.0,0.0,0
148,1nc1,9,2.25563909774436,5.06,0.0,0.0,0.0,0
149,1nc1,10,0.0,5.61,0.0,0.0,0.0,0
150,1nc3,1,85.71428571428571,0.46,10.0,10.0,1.0,1
151,1nc3,2,38.775510204081634,2.5,7.0,0.0,0.35,0
152,1nc3,3,0.0,,,0.0,,0
153,1nc3,4,6.122448979591836,5.57,0.0,0.0,0.0,0
154,1nc3,5,4.081632653061225,6.1,0.0,0.0,0.0,0
155,1nc3,6,2.721088435374149,5.83,0.0,0.0,0.0,0
156,1nc3,7,14.285714285714285,3.29,0.0,0.0,0.0,0
157,1nc3,8,3.401360544217687,5.72,0.0,0.0,0.0,0
158,1nc3,9,5.442176870748299,4.06,0.0,0.0,0.0,0
159,1nc3,10,0.0,5.63,0.0,0.0,0.0,0
160,1nvq,1,23.703703703703706,,,0.0,,0
161,1nvq,2,66.66666666666666,,,0.0,,0
162,1nvq,3,5.185185185185185,,,0.0,,0
163,1nvq,4,2.962962962962963,,,0.0,,0
164,1nvq,5,37.77777777777778,,,0.0,,0
165,1nvq,6,21.48148148148148,,,0.0,,0
166,1nvq,7,2.222222222222222,,,0.0,,0
167,1nvq,8,0.0,,,0.0,,0
168,1nvq,9,10.37037037037037,,,0.0,,0
169,1nvq,10,0.0,,,0.0,,0
170,1o0h,1,83.33333333333334,0.9,10.0,10.0,1.0,1
171,1o0h,2,68.62745098039215,1.5,10.0,0.0,0.5,0
172,1o0h,3,66.66666666666666,1.43,10.0,0.0,0.5,0
173,1o0h,4,67.64705882352942,1.91,10.0,0.0,0.5,0
174,1o0h,5,31.372549019607842,3.25,0.0,0.0,0.0,0
175,1o0h,6,23.52941176470588,2.2,7.0,0.0,0.35,0
176,1o0h,7,15.686274509803921,2.77,7.0,0.0,0.35,0
177,1o0h,8,50.0,2.32,7.0,0.0,0.35,0
178,1o0h,9,46.07843137254902,3.48,0.0,0.0,0.0,0
179,1o0h,10,0.0,7.36,0.0,0.0,0.0,0
180,1o3f,1,49.2063492063492,1.5,10.0,0.0,0.5,0
181,1o3f,2,50.0,1.08,10.0,0.0,0.5,0
182,1o3f,3,63.49206349206349,3.2,0.0,0.0,0.0,0
183,1o3f,4,11.11111111111111,8.23,0.0,0.0,0.0,0
184,1o3f,5,25.396825396825395,2.15,7.0,0.0,0.35,0
185,1o3f,6,61.111111111111114,3.56,0.0,0.0,0.0,0
186,1o3f,7,0.793650793650793,8.46,0.0,0.0,0.0,0
187,1o3f,8,12.698412698412698,3.93,0.0,0.0,0.0,0
188,1o3f,9,37.301587301587304,2.67,7.0,0.0,0.35,0
189,1o3f,10,0.0,,,0.0,,0
190,1o5b,1,89.41176470588236,0.4,10.0,10.0,1.0,1
191,1o5b,2,5.88235294117647,3.66,0.0,0.0,0.0,0
192,1o5b,3,10.588235294117647,3.3,0.0,0.0,0.0,0
193,1o5b,4,0.0,5.81,0.0,0.0,0.0,0
194,1o5b,5,18.823529411764707,4.26,0.0,0.0,0.0,0
195,1o5b,6,8.235294117647058,3.3,0.0,0.0,0.0,0
196,1o5b,7,5.88235294117647,4.95,0.0,0.0,0.0,0
197,1o5b,8,3.5294117647058822,4.17,0.0,0.0,0.0,0
198,1o5b,9,5.88235294117647,5.72,0.0,0.0,0.0,0
199,1o5b,10,0.0,3.67,0.0,0.0,0.0,0
200,1owh,1,68.0,2.35,7.0,0.0,0.35,0
201,1owh,2,11.200000000000001,9.66,0.0,0.0,0.0,0
202,1owh,3,54.400000000000006,0.64,10.0,0.0,0.5,0
203,1owh,4,11.200000000000001,9.62,0.0,0.0,0.0,0
204,1owh,5,10.4,9.58,0.0,0.0,0.0,0
205,1owh,6,5.6,9.67,0.0,0.0,0.0,0
206,1owh,7,30.4,2.29,7.0,0.0,0.35,0
207,1owh,8,5.6,9.67,0.0,0.0,0.0,0
208,1owh,9,6.4,5.97,0.0,0.0,0.0,0
209,1owh,10,0.0,9.48,0.0,0.0,0.0,0
210,1oyt,1,85.82089552238806,0.2,10.0,10.0,1.0,1
211,1oyt,2,70.8955223880597,3.21,0.0,7.0,0.35,0
212,1oyt,3,40.298507462686565,2.41,7.0,0.0,0.35,0
213,1oyt,4,37.3134328358209,2.45,7.0,0.0,0.35,0
214,1oyt,5,20.8955223880597,4.43,0.0,0.0,0.0,0
215,1oyt,6,11.194029850746269,3.67,0.0,0.0,0.0,0
216,1oyt,7,6.7164179104477615,7.01,0.0,0.0,0.0,0
217,1oyt,8,4.477611940298507,7.53,0.0,0.0,0.0,0
218,1oyt,9,23.134328358208954,3.36,0.0,0.0,0.0,0
219,1oyt,10,0.0,4.38,0.0,0.0,0.0,0
220,1p1n,1,74.86910994764398,0.99,10.0,7.0,0.85,1
221,1p1n,2,22.5130890052356,4.37,0.0,0.0,0.0,0
222,1p1n,3,5.759162303664921,3.94,0.0,0.0,0.0,0
223,1p1n,4,18.32460732984293,3.82,0.0,0.0,0.0,0
224,1p1n,5,27.225130890052355,2.7,7.0,0.0,0.35,0
225,1p1n,6,13.612565445026178,4.18,0.0,0.0,0.0,0
226,1p1n,7,14.136125654450263,3.92,0.0,0.0,0.0,0
227,1p1n,8,4.18848167539267,4.2,0.0,0.0,0.0,0
228,1p1n,9,7.329842931937172,4.57,0.0,0.0,0.0,0
229,1p1n,10,0.0,,,0.0,,0
230,1p1q,1,1.976284584980237,5.05,0.0,0.0,0.0,0
231,1p1q,2,7.905138339920949,4.77,0.0,0.0,0.0,0
232,1p1q,3,60.86956521739131,2.61,7.0,0.0,0.35,0
233,1p1q,4,6.719367588932807,4.88,0.0,0.0,0.0,0
234,1p1q,5,47.03557312252965,2.19,7.0,0.0,0.35,0
235,1p1q,6,7.905138339920949,4.48,0.0,0.0,0.0,0
236,1p1q,7,24.110671936758894,3.27,0.0,0.0,0.0,0
237,1p1q,8,6.719367588932807,4.47,0.0,0.0,0.0,0
238,1p1q,9,36.36363636363637,2.6,7.0,0.0,0.35,0
239,1p1q,10,0.0,2.24,7.0,0.0,0.35,0
240,1ps3,1,83.82352941176471,0.48,10.0,10.0,1.0,1
241,1ps3,2,0.7352941176470581,5.89,0.0,0.0,0.0,0
242,1ps3,3,48.529411764705884,1.79,10.0,0.0,0.5,0
243,1ps3,4,5.88235294117647,4.36,0.0,0.0,0.0,0
244,1ps3,5,5.147058823529411,7.18,0.0,0.0,0.0,0
245,1ps3,6,5.147058823529411,6.81,0.0,0.0,0.0,0
246,1ps3,7,0.0,5.65,0.0,0.0,0.0,0
247,1ps3,8,5.88235294117647,5.68,0.0,0.0,0.0,0
248,1ps3,9,21.323529411764707,4.53,0.0,0.0,0.0,0
249,1ps3,10,0.0,6.11,0.0,0.0,0.0,0
250,1pxn,1,72.72727272727273,0.91,10.0,7.0,0.85,1
251,1pxn,2,1.01010101010101,7.36,0.0,0.0,0.0,0
252,1pxn,3,3.03030303030303,6.61,0.0,0.0,0.0,0
253,1pxn,4,6.06060606060606,6.43,0.0,0.0,0.0,0
254,1pxn,5,64.64646464646465,1.72,10.0,0.0,0.5,0
255,1pxn,6,10.1010101010101,6.33,0.0,0.0,0.0,0
256,1pxn,7,0.0,6.44,0.0,0.0,0.0,0
257,1pxn,8,1.01010101010101,6.53,0.0,0.0,0.0,0
258,1pxn,9,20.2020202020202,2.87,7.0,0.0,0.35,0
259,1pxn,10,0.0,2.93,7.0,0.0,0.35,0
260,1q8t,1,0.0,7.67,0.0,0.0,0.0,0
261,1q8t,2,0.0,7.67,0.0,0.0,0.0,0
262,1q8t,3,0.0,2.1,7.0,0.0,0.35,0
263,1q8t,4,0.0,7.57,0.0,0.0,0.0,0
264,1q8t,5,0.0,7.64,0.0,0.0,0.0,0
265,1q8t,6,0.0,7.51,0.0,0.0,0.0,0
266,1q8t,7,0.0,1.38,10.0,0.0,0.5,0
267,1q8t,8,0.0,7.49,0.0,0.0,0.0,0
268,1q8t,9,0.0,1.39,10.0,0.0,0.5,0
269,1q8t,10,0.0,2.05,7.0,0.0,0.35,0
270,1q8u,1,86.56716417910447,0.34,10.0,10.0,1.0,1
271,1q8u,2,55.223880597014926,1.04,10.0,0.0,0.5,0
272,1q8u,3,11.940298507462686,2.98,7.0,0.0,0.35,0
273,1q8u,4,56.71641791044776,2.1,7.0,0.0,0.35,0
274,1q8u,5,8.955223880597014,3.68,0.0,0.0,0.0,0
275,1q8u,6,2.985074626865671,6.95,0.0,0.0,0.0,0
276,1q8u,7,23.88059701492537,2.63,7.0,0.0,0.35,0
277,1q8u,8,13.432835820895523,3.48,0.0,0.0,0.0,0
278,1q8u,9,10.44776119402985,4.02,0.0,0.0,0.0,0
279,1q8u,10,0.0,3.86,0.0,0.0,0.0,0
280,1qf1,1,84.7328244274809,1.4,10.0,10.0,1.0,1
281,1qf1,2,50.38167938931297,2.76,7.0,0.0,0.35,0
282,1qf1,3,21.374045801526716,6.66,0.0,0.0,0.0,0
283,1qf1,4,8.396946564885496,8.58,0.0,0.0,0.0,0
284,1qf1,5,23.66412213740458,5.88,0.0,0.0,0.0,0
285,1qf1,6,9.923664122137405,8.46,0.0,0.0,0.0,0
286,1qf1,7,3.816793893129771,9.33,0.0,0.0,0.0,0
287,1qf1,8,13.740458015267176,6.7,0.0,0.0,0.0,0
288,1qf1,9,18.3206106870229,7.64,0.0,0.0,0.0,0
289,1qf1,10,0.0,9.16,0.0,0.0,0.0,0
290,1qkt,1,75.43859649122807,0.69,10.0,7.0,0.85,1
291,1qkt,2,63.1578947368421,1.1,10.0,0.0,0.5,0
292,1qkt,3,40.35087719298245,2.78,7.0,0.0,0.35,0
293,1qkt,4,0.0,6.48,0.0,0.0,0.0,0
294,1qkt,5,0.0,6.39,0.0,0.0,0.0,0
295,1qkt,6,0.0,6.79,0.0,0.0,0.0,0
296,1qkt,7,1.75438596491228,6.39,0.0,0.0,0.0,0
297,1qkt,8,0.0,,,0.0,,0
298,1qkt,9,0.0,,,0.0,,0
299,1qkt,10,0.0,,,0.0,,0
300,1r5y,1,82.37704918032787,0.22,10.0,10.0,1.0,1
301,1r5y,2,8.19672131147541,4.99,0.0,0.0,0.0,0
302,1r5y,3,1.639344262295082,5.47,0.0,0.0,0.0,0
303,1r5y,4,20.491803278688526,5.12,0.0,0.0,0.0,0
304,1r5y,5,3.688524590163934,5.22,0.0,0.0,0.0,0
305,1r5y,6,9.426229508196721,5.87,0.0,0.0,0.0,0
306,1r5y,7,4.918032786885246,7.06,0.0,0.0,0.0,0
307,1r5y,8,4.098360655737705,6.62,0.0,0.0,0.0,0
308,1r5y,9,0.8196721311475411,7.16,0.0,0.0,0.0,0
309,1r5y,10,0.0,4.84,0.0,0.0,0.0,0
310,1s38,1,95.34883720930233,0.16,10.0,10.0,1.0,1
311,1s38,2,16.27906976744186,4.83,0.0,0.0,0.0,0
312,1s38,3,0.0,5.9,0.0,0.0,0.0,0
313,1s38,4,5.813953488372093,5.59,0.0,0.0,0.0,0
314,1s38,5,12.790697674418606,4.21,0.0,0.0,0.0,0
315,1s38,6,4.651162790697675,6.03,0.0,0.0,0.0,0
316,1s38,7,3.488372093023256,6.98,0.0,0.0,0.0,0
317,1s38,8,5.813953488372093,7.68,0.0,0.0,0.0,0
318,1s38,9,6.976744186046512,5.47,0.0,0.0,0.0,0
319,1s38,10,0.0,,,0.0,,0
320,1sqa,1,44.72049689440994,1.44,10.0,0.0,0.5,0
321,1sqa,2,52.17391304347826,0.91,10.0,0.0,0.5,0
322,1sqa,3,5.5900621118012435,5.73,0.0,0.0,0.0,0
323,1sqa,4,46.58385093167702,1.29,10.0,0.0,0.5,0
324,1sqa,5,4.9689440993788825,9.79,0.0,0.0,0.0,0
325,1sqa,6,36.024844720496894,1.59,10.0,0.0,0.5,0
326,1sqa,7,37.88819875776397,3.69,0.0,0.0,0.0,0
327,1sqa,8,2.4844720496894412,10.5,0.0,0.0,0.0,0
328,1sqa,9,3.726708074534161,9.95,0.0,0.0,0.0,0
329,1sqa,10,0.0,9.56,0.0,0.0,0.0,0
330,1syi,1,83.6734693877551,,,10.0,,0
331,1syi,2,59.183673469387756,2.8,7.0,0.0,0.35,0
332,1syi,3,24.489795918367346,,,0.0,,0
333,1syi,4,0.0,,,0.0,,0
334,1syi,5,0.0,,,0.0,,0
335,1syi,6,0.0,,,0.0,,0
336,1syi,7,0.0,,,0.0,,0
337,1syi,8,0.0,,,0.0,,0
338,1syi,9,0.0,,,0.0,,0
339,1syi,10,0.0,,,0.0,,0
340,1u1b,1,83.33333333333334,1.73,10.0,10.0,1.0,1
341,1u1b,2,52.29885057471264,1.93,10.0,0.0,0.5,0
342,1u1b,3,68.96551724137932,2.21,7.0,0.0,0.35,0
343,1u1b,4,68.96551724137932,1.46,10.0,0.0,0.5,0
344,1u1b,5,2.298850574712643,8.3,0.0,0.0,0.0,0
345,1u1b,6,14.367816091954023,8.32,0.0,0.0,0.0,0
346,1u1b,7,20.114942528735632,4.43,0.0,0.0,0.0,0
347,1u1b,8,33.33333333333333,3.73,0.0,0.0,0.0,0
348,1u1b,9,0.57471264367816,9.28,0.0,0.0,0.0,0
349,1u1b,10,0.0,8.29,0.0,0.0,0.0,0
350,1uto,1,63.33333333333333,1.03,10.0,0.0,0.5,0
351,1uto,2,63.33333333333333,1.21,10.0,0.0,0.5,0
352,1uto,3,66.66666666666666,1.17,10.0,0.0,0.5,0
353,1uto,4,70.0,0.48,10.0,7.0,0.85,1
354,1uto,5,5.0,3.95,0.0,0.0,0.0,0
355,1uto,6,0.0,3.95,0.0,0.0,0.0,0
356,1uto,7,3.333333333333333,3.53,0.0,0.0,0.0,0
357,1uto,8,1.666666666666666,3.41,0.0,0.0,0.0,0
358,1uto,9,53.333333333333336,1.22,10.0,0.0,0.5,0
359,1uto,10,0.0,6.61,0.0,0.0,0.0,0
360,1vso,1,75.34246575342466,1.07,10.0,7.0,0.85,1
361,1vso,2,76.71232876712328,1.06,10.0,7.0,0.85,1
362,1vso,3,44.52054794520548,5.41,0.0,0.0,0.0,0
363,1vso,4,40.41095890410959,5.38,0.0,0.0,0.0,0
364,1vso,5,13.013698630136986,5.09,0.0,0.0,0.0,0
365,1vso,6,44.52054794520548,5.52,0.0,0.0,0.0,0
366,1vso,7,14.383561643835616,4.94,0.0,0.0,0.0,0
367,1vso,8,3.424657534246575,7.79,0.0,0.0,0.0,0
368,1vso,9,5.47945205479452,5.22,0.0,0.0,0.0,0
369,1vso,10,0.0,5.31,0.0,0.0,0.0,0
370,1w4o,1,72.22222222222221,0.73,10.0,7.0,0.85,1
371,1w4o,2,45.370370370370374,2.16,7.0,0.0,0.35,0
372,1w4o,3,0.925925925925925,6.32,0.0,0.0,0.0,0
373,1w4o,4,34.25925925925926,1.63,10.0,0.0,0.5,0
374,1w4o,5,32.407407407407405,2.83,7.0,0.0,0.35,0
375,1w4o,6,23.14814814814815,4.59,0.0,0.0,0.0,0
376,1w4o,7,18.51851851851852,3.96,0.0,0.0,0.0,0
377,1w4o,8,10.185185185185185,6.95,0.0,0.0,0.0,0
378,1w4o,9,20.37037037037037,7.88,0.0,0.0,0.0,0
379,1w4o,10,0.0,8.26,0.0,0.0,0.0,0
380,1y6r,1,83.1081081081081,0.58,10.0,10.0,1.0,1
381,1y6r,2,0.0,,,0.0,,0
382,1y6r,3,4.72972972972973,5.69,0.0,0.0,0.0,0
383,1y6r,4,2.702702702702702,5.92,0.0,0.0,0.0,0
384,1y6r,5,9.45945945945946,5.37,0.0,0.0,0.0,0
385,1y6r,6,2.702702702702702,6.07,0.0,0.0,0.0,0
386,1y6r,7,33.108108108108105,2.96,7.0,0.0,0.35,0
387,1y6r,8,3.378378378378378,5.61,0.0,0.0,0.0,0
388,1y6r,9,6.756756756756757,5.38,0.0,0.0,0.0,0
389,1y6r,10,0.0,3.42,0.0,0.0,0.0,0
390,1yc1,1,68.54838709677419,0.79,10.0,0.0,0.5,0
391,1yc1,2,55.64516129032258,1.26,10.0,0.0,0.5,0
392,1yc1,3,14.516129032258066,6.09,0.0,0.0,0.0,0
393,1yc1,4,8.064516129032258,5.29,0.0,0.0,0.0,0
394,1yc1,5,10.483870967741936,5.87,0.0,0.0,0.0,0
395,1yc1,6,0.8064516129032251,4.72,0.0,0.0,0.0,0
396,1yc1,7,4.838709677419355,5.66,0.0,0.0,0.0,0
397,1yc1,8,10.483870967741936,5.43,0.0,0.0,0.0,0
398,1yc1,9,0.0,5.41,0.0,0.0,0.0,0
399,1yc1,10,0.0,,,0.0,,0
400,1ydr,1,82.08955223880598,0.57,10.0,10.0,1.0,1
401,1ydr,2,5.970149253731343,3.51,0.0,0.0,0.0,0
402,1ydr,3,13.432835820895523,2.74,7.0,0.0,0.35,0
403,1ydr,4,4.477611940298507,3.76,0.0,0.0,0.0,0
404,1ydr,5,7.462686567164178,3.61,0.0,0.0,0.0,0
405,1ydr,6,47.76119402985074,2.55,7.0,0.0,0.35,0
406,1ydr,7,5.970149253731343,3.78,0.0,0.0,0.0,0
407,1ydr,8,1.492537313432835,10.13,0.0,0.0,0.0,0
408,1ydr,9,26.865671641791046,2.14,7.0,0.0,0.35,0
409,1ydr,10,0.0,3.77,0.0,0.0,0.0,0
410,1ydt,1,10.0,4.17,0.0,0.0,0.0,0
411,1ydt,2,29.166666666666668,3.22,0.0,0.0,0.0,0
412,1ydt,3,5.833333333333333,3.6,0.0,0.0,0.0,0
413,1ydt,4,25.0,3.12,0.0,0.0,0.0,0
414,1ydt,5,0.0,10.9,0.0,0.0,0.0,0
415,1ydt,6,5.0,9.54,0.0,0.0,0.0,0
416,1ydt,7,8.333333333333332,4.39,0.0,0.0,0.0,0
417,1ydt,8,4.166666666666666,9.34,0.0,0.0,0.0,0
418,1ydt,9,5.0,8.45,0.0,0.0,0.0,0
419,1ydt,10,0.0,2.72,7.0,0.0,0.35,0
420,1z6e,1,91.48936170212765,0.27,10.0,10.0,1.0,1
421,1z6e,2,80.1418439716312,1.14,10.0,10.0,1.0,1
422,1z6e,3,20.56737588652482,3.08,0.0,0.0,0.0,0
423,1z6e,4,8.51063829787234,5.42,0.0,0.0,0.0,0
424,1z6e,5,9.219858156028367,5.38,0.0,0.0,0.0,0
425,1z6e,6,7.801418439716312,8.93,0.0,0.0,0.0,0
426,1z6e,7,14.893617021276595,5.44,0.0,0.0,0.0,0
427,1z6e,8,7.092198581560284,8.87,0.0,0.0,0.0,0
428,1z6e,9,3.546099290780142,8.03,0.0,0.0,0.0,0
429,1z6e,10,0.0,8.24,0.0,0.0,0.0,0
430,1z95,1,66.3157894736842,0.6,10.0,0.0,0.5,0
431,1z95,2,45.26315789473684,2.1,7.0,0.0,0.35,0
432,1z95,3,30.526315789473685,4.33,0.0,0.0,0.0,0
433,1z95,4,1.052631578947368,7.42,0.0,0.0,0.0,0
434,1z95,5,0.0,,,0.0,,0
435,1z95,6,0.0,,,0.0,,0
436,1z95,7,0.0,,,0.0,,0
437,1z95,8,0.0,,,0.0,,0
438,1z95,9,0.0,,,0.0,,0
439,1z95,10,0.0,,,0.0,,0
440,1z9g,1,50.0,0.89,10.0,0.0,0.5,0
441,1z9g,2,20.0,3.83,0.0,0.0,0.0,0
442,1z9g,3,43.333333333333336,1.59,10.0,0.0,0.5,0
443,1z9g,4,16.666666666666664,7.09,0.0,0.0,0.0,0
444,1z9g,5,16.666666666666664,7.13,0.0,0.0,0.0,0
445,1z9g,6,10.0,5.12,0.0,0.0,0.0,0
446,1z9g,7,0.0,8.7,0.0,0.0,0.0,0
447,1z9g,8,0.0,9.59,0.0,0.0,0.0,0
448,1z9g,9,20.0,4.43,0.0,0.0,0.0,0
449,1z9g,10,0.0,9.29,0.0,0.0,0.0,0
450,2al5,1,75.60975609756098,0.23,10.0,7.0,0.85,1
451,2al5,2,57.56097560975609,2.09,7.0,0.0,0.35,0
452,2al5,3,24.878048780487806,2.65,7.0,0.0,0.35,0
453,2al5,4,18.048780487804876,5.3,0.0,0.0,0.0,0
454,2al5,5,46.34146341463415,1.17,10.0,0.0,0.5,0
455,2al5,6,36.09756097560975,1.83,10.0,0.0,0.5,0
456,2al5,7,0.0,,,0.0,,0
457,2al5,8,13.658536585365855,5.09,0.0,0.0,0.0,0
458,2al5,9,28.780487804878046,3.77,0.0,0.0,0.0,0
459,2al5,10,0.0,5.37,0.0,0.0,0.0,0
460,2br1,1,28.39506172839506,1.99,10.0,0.0,0.5,0
461,2br1,2,35.80246913580247,1.69,10.0,0.0,0.5,0
462,2br1,3,9.876543209876543,6.58,0.0,0.0,0.0,0
463,2br1,4,6.172839506172839,4.31,0.0,0.0,0.0,0
464,2br1,5,13.580246913580247,6.37,0.0,0.0,0.0,0
465,2br1,6,22.22222222222222,6.62,0.0,0.0,0.0,0
466,2br1,7,2.469135802469135,6.48,0.0,0.0,0.0,0
467,2br1,8,0.0,,,0.0,,0
468,2br1,9,2.469135802469135,7.07,0.0,0.0,0.0,0
469,2br1,10,0.0,8.05,0.0,0.0,0.0,0
470,2brb,1,46.42857142857143,1.08,10.0,0.0,0.5,0
471,2brb,2,5.357142857142857,5.51,0.0,0.0,0.0,0
472,2brb,3,16.071428571428573,5.66,0.0,0.0,0.0,0
473,2brb,4,0.0,6.97,0.0,0.0,0.0,0
474,2brb,5,14.285714285714285,3.43,0.0,0.0,0.0,0
475,2brb,6,0.0,6.98,0.0,0.0,0.0,0
476,2brb,7,0.0,7.3,0.0,0.0,0.0,0
477,2brb,8,1.7857142857142851,6.01,0.0,0.0,0.0,0
478,2brb,9,28.57142857142857,2.05,7.0,0.0,0.35,0
479,2brb,10,0.0,5.88,0.0,0.0,0.0,0
480,2c3i,1,6.349206349206349,4.92,0.0,0.0,0.0,0
481,2c3i,2,0.0,4.62,0.0,0.0,0.0,0
482,2c3i,3,1.587301587301587,5.06,0.0,0.0,0.0,0
483,2c3i,4,17.46031746031746,2.76,7.0,0.0,0.35,0
484,2c3i,5,76.19047619047619,1.44,10.0,7.0,0.85,1
485,2c3i,6,6.349206349206349,4.78,0.0,0.0,0.0,0
486,2c3i,7,25.396825396825395,1.96,10.0,0.0,0.5,0
487,2c3i,8,0.0,5.09,0.0,0.0,0.0,0
488,2c3i,9,19.047619047619047,4.59,0.0,0.0,0.0,0
489,2c3i,10,0.0,5.89,0.0,0.0,0.0,0
490,2cbv,1,85.03937007874016,0.31,10.0,10.0,1.0,1
491,2cbv,2,11.811023622047244,3.15,0.0,0.0,0.0,0
492,2cbv,3,0.7874015748031491,8.68,0.0,0.0,0.0,0
493,2cbv,4,0.0,7.75,0.0,0.0,0.0,0
494,2cbv,5,0.0,7.61,0.0,0.0,0.0,0
495,2cbv,6,8.661417322834646,3.42,0.0,0.0,0.0,0
496,2cbv,7,0.0,8.22,0.0,0.0,0.0,0
497,2cbv,8,3.149606299212598,7.83,0.0,0.0,0.0,0
498,2cbv,9,0.0,8.6,0.0,0.0,0.0,0
499,2cbv,10,0.0,,,0.0,,0
500,2cet,1,1.666666666666666,7.94,0.0,0.0,0.0,0
501,2cet,2,4.444444444444445,7.69,0.0,0.0,0.0,0
502,2cet,3,3.8888888888888893,7.69,0.0,0.0,0.0,0
503,2cet,4,78.33333333333333,2.27,7.0,7.0,0.7,1
504,2cet,5,2.777777777777777,7.83,0.0,0.0,0.0,0
505,2cet,6,80.0,2.61,7.0,10.0,0.85,1
506,2cet,7,2.777777777777777,6.91,0.0,0.0,0.0,0
507,2cet,8,81.66666666666667,0.86,10.0,10.0,1.0,1
508,2cet,9,2.777777777777777,7.31,0.0,0.0,0.0,0
509,2cet,10,0.0,7.63,0.0,0.0,0.0,0
510,2fvd,1,0.8,9.49,0.0,0.0,0.0,0
511,2fvd,2,0.8,9.72,0.0,0.0,0.0,0
512,2fvd,3,63.2,1.03,10.0,0.0,0.5,0
513,2fvd,4,0.0,9.38,0.0,0.0,0.0,0
514,2fvd,5,0.0,9.61,0.0,0.0,0.0,0
515,2fvd,6,0.0,9.89,0.0,0.0,0.0,0
516,2fvd,7,0.0,9.15,0.0,0.0,0.0,0
517,2fvd,8,15.2,3.24,0.0,0.0,0.0,0
518,2fvd,9,22.400000000000002,2.77,7.0,0.0,0.35,0
519,2fvd,10,0.0,8.69,0.0,0.0,0.0,0
520,2fxs,1,2.127659574468085,6.04,0.0,0.0,0.0,0
521,2fxs,2,6.382978723404255,5.66,0.0,0.0,0.0,0
522,2fxs,3,31.20567375886525,5.04,0.0,0.0,0.0,0
523,2fxs,4,0.7092198581560281,5.67,0.0,0.0,0.0,0
524,2fxs,5,1.4184397163120561,7.98,0.0,0.0,0.0,0
525,2fxs,6,11.347517730496454,5.78,0.0,0.0,0.0,0
526,2fxs,7,1.4184397163120561,7.89,0.0,0.0,0.0,0
527,2fxs,8,7.801418439716312,7.63,0.0,0.0,0.0,0
528,2fxs,9,0.7092198581560281,7.9,0.0,0.0,0.0,0
529,2fxs,10,0.0,2.82,7.0,0.0,0.35,0
530,2hb1,1,11.666666666666666,4.27,0.0,0.0,0.0,0
531,2hb1,2,80.0,0.43,10.0,10.0,1.0,1
532,2hb1,3,51.66666666666667,1.14,10.0,0.0,0.5,0
533,2hb1,4,51.66666666666667,3.3,0.0,0.0,0.0,0
534,2hb1,5,38.333333333333336,4.4,0.0,0.0,0.0,0
535,2hb1,6,33.33333333333333,1.98,10.0,0.0,0.5,0
536,2hb1,7,6.666666666666667,4.65,0.0,0.0,0.0,0
537,2hb1,8,28.333333333333332,2.65,7.0,0.0,0.35,0
538,2hb1,9,11.666666666666666,4.44,0.0,0.0,0.0,0
539,2hb1,10,0.0,4.15,0.0,0.0,0.0,0
540,2iwx,1,81.48148148148148,0.36,10.0,10.0,1.0,1
541,2iwx,2,48.148148148148145,1.25,10.0,0.0,0.5,0
542,2iwx,3,1.8518518518518512,5.64,0.0,0.0,0.0,0
543,2iwx,4,9.25925925925926,5.33,0.0,0.0,0.0,0
544,2iwx,5,5.555555555555555,7.71,0.0,0.0,0.0,0
545,2iwx,6,5.555555555555555,6.58,0.0,0.0,0.0,0
546,2iwx,7,3.7037037037037033,6.13,0.0,0.0,0.0,0
547,2iwx,8,0.0,5.34,0.0,0.0,0.0,0
548,2iwx,9,12.962962962962962,3.34,0.0,0.0,0.0,0
549,2iwx,10,0.0,5.31,0.0,0.0,0.0,0
550,2j78,1,86.01398601398601,0.34,10.0,10.0,1.0,1
551,2j78,2,11.188811188811188,4.38,0.0,0.0,0.0,0
552,2j78,3,0.699300699300699,4.83,0.0,0.0,0.0,0
553,2j78,4,5.594405594405594,9.25,0.0,0.0,0.0,0
554,2j78,5,0.699300699300699,8.87,0.0,0.0,0.0,0
555,2j78,6,14.685314685314685,4.34,0.0,0.0,0.0,0
556,2j78,7,9.090909090909092,4.01,0.0,0.0,0.0,0
557,2j78,8,0.0,7.8,0.0,0.0,0.0,0
558,2j78,9,2.097902097902098,8.76,0.0,0.0,0.0,0
559,2j78,10,0.0,8.79,0.0,0.0,0.0,0
560,2j7h,1,35.233160621761655,2.21,7.0,0.0,0.35,0
561,2j7h,2,25.38860103626943,3.38,0.0,0.0,0.0,0
562,2j7h,3,80.82901554404145,0.86,10.0,10.0,1.0,1
563,2j7h,4,3.626943005181346,3.8,0.0,0.0,0.0,0
564,2j7h,5,13.471502590673575,3.99,0.0,0.0,0.0,0
565,2j7h,6,26.94300518134715,3.49,0.0,0.0,0.0,0
566,2j7h,7,12.435233160621761,2.55,7.0,0.0,0.35,0
567,2j7h,8,2.590673575129533,3.96,0.0,0.0,0.0,0
568,2j7h,9,29.533678756476682,3.08,0.0,0.0,0.0,0
569,2j7h,10,0.0,3.22,0.0,0.0,0.0,0
570,2p15,1,76.5432098765432,0.31,10.0,7.0,0.85,1
571,2p15,2,0.0,,,0.0,,0
572,2p15,3,0.0,,,0.0,,0
573,2p15,4,0.0,,,0.0,,0
574,2p15,5,0.0,,,0.0,,0
575,2p15,6,0.0,,,0.0,,0
576,2p15,7,0.0,,,0.0,,0
577,2p15,8,0.0,,,0.0,,0
578,2p15,9,0.0,,,0.0,,0
579,2p15,10,0.0,,,0.0,,0
580,2p4y,1,80.72289156626506,0.38,10.0,10.0,1.0,1
581,2p4y,2,57.831325301204814,2.8,7.0,0.0,0.35,0
582,2p4y,3,7.228915662650602,7.66,0.0,0.0,0.0,0
583,2p4y,4,0.0,9.81,0.0,0.0,0.0,0
584,2p4y,5,15.66265060240964,7.35,0.0,0.0,0.0,0
585,2p4y,6,2.4096385542168672,9.53,0.0,0.0,0.0,0
586,2p4y,7,1.204819277108433,9.54,0.0,0.0,0.0,0
587,2p4y,8,14.457831325301203,8.01,0.0,0.0,0.0,0
588,2p4y,9,39.75903614457831,2.06,7.0,0.0,0.35,0
589,2p4y,10,0.0,8.3,0.0,0.0,0.0,0
590,2pog,1,90.0,0.37,10.0,10.0,1.0,1
591,2pog,2,22.0,3.21,0.0,0.0,0.0,0
592,2pog,3,28.000000000000004,3.06,0.0,0.0,0.0,0
593,2pog,4,0.0,,,0.0,,0
594,2pog,5,0.0,,,0.0,,0
595,2pog,6,0.0,,,0.0,,0
596,2pog,7,0.0,,,0.0,,0
597,2pog,8,0.0,,,0.0,,0
598,2pog,9,0.0,,,0.0,,0
599,2pog,10,0.0,,,0.0,,0
600,2qbp,1,67.3469387755102,0.87,10.0,0.0,0.5,0
601,2qbp,2,53.06122448979592,1.81,10.0,0.0,0.5,0
602,2qbp,3,59.183673469387756,2.54,7.0,0.0,0.35,0
603,2qbp,4,56.12244897959183,1.7,10.0,0.0,0.5,0
604,2qbp,5,38.775510204081634,4.65,0.0,0.0,0.0,0
605,2qbp,6,16.3265306122449,3.46,0.0,0.0,0.0,0
606,2qbp,7,37.755102040816325,5.82,0.0,0.0,0.0,0
607,2qbp,8,32.6530612244898,2.17,7.0,0.0,0.35,0
608,2qbp,9,25.510204081632654,3.23,0.0,0.0,0.0,0
609,2qbp,10,0.0,2.93,7.0,0.0,0.35,0
610,2qbq,1,59.854014598540154,1.32,10.0,0.0,0.5,0
611,2qbq,2,73.72262773722628,0.54,10.0,7.0,0.85,1
612,2qbq,3,54.74452554744526,6.0,0.0,0.0,0.0,0
613,2qbq,4,53.284671532846716,2.35,7.0,0.0,0.35,0
614,2qbq,5,54.74452554744526,7.35,0.0,0.0,0.0,0
615,2qbq,6,56.20437956204379,5.96,0.0,0.0,0.0,0
616,2qbq,7,57.66423357664233,5.29,0.0,0.0,0.0,0
617,2qbq,8,60.58394160583942,3.7,0.0,0.0,0.0,0
618,2qbq,9,14.5985401459854,3.49,0.0,0.0,0.0,0
619,2qbq,10,0.0,2.55,7.0,0.0,0.35,0
620,2qbr,1,52.5,6.64,0.0,0.0,0.0,0
621,2qbr,2,54.166666666666664,2.75,7.0,0.0,0.35,0
622,2qbr,3,56.666666666666664,6.15,0.0,0.0,0.0,0
623,2qbr,4,1.666666666666666,8.74,0.0,0.0,0.0,0
624,2qbr,5,43.333333333333336,5.29,0.0,0.0,0.0,0
625,2qbr,6,61.66666666666667,1.4,10.0,0.0,0.5,0
626,2qbr,7,60.0,4.99,0.0,0.0,0.0,0
627,2qbr,8,1.666666666666666,9.46,0.0,0.0,0.0,0
628,2qbr,9,0.833333333333333,9.36,0.0,0.0,0.0,0
629,2qbr,10,0.0,9.3,0.0,0.0,0.0,0
630,2qe4,1,68.42105263157895,0.58,10.0,0.0,0.5,0
631,2qe4,2,52.63157894736842,3.91,0.0,0.0,0.0,0
632,2qe4,3,2.6315789473684212,5.65,0.0,0.0,0.0,0
633,2qe4,4,0.0,,,0.0,,0
634,2qe4,5,0.0,,,0.0,,0
635,2qe4,6,0.0,,,0.0,,0
636,2qe4,7,0.0,,,0.0,,0
637,2qe4,8,0.0,,,0.0,,0
638,2qe4,9,0.0,,,0.0,,0
639,2qe4,10,0.0,,,0.0,,0
640,2qnq,1,80.17241379310344,0.45,10.0,10.0,1.0,1
641,2qnq,2,46.55172413793103,1.86,10.0,0.0,0.5,0
642,2qnq,3,23.275862068965516,0.63,10.0,0.0,0.5,0
643,2qnq,4,6.896551724137931,4.97,0.0,0.0,0.0,0
644,2qnq,5,18.96551724137931,5.88,0.0,0.0,0.0,0
645,2qnq,6,1.7241379310344822,5.27,0.0,0.0,0.0,0
646,2qnq,7,11.206896551724139,4.63,0.0,0.0,0.0,0
647,2qnq,8,2.586206896551724,5.65,0.0,0.0,0.0,0
648,2qnq,9,26.72413793103448,5.9,0.0,0.0,0.0,0
649,2qnq,10,0.0,6.0,0.0,0.0,0.0,0
650,2r9w,1,0.925925925925925,7.39,0.0,0.0,0.0,0
651,2r9w,2,12.962962962962962,7.11,0.0,0.0,0.0,0
652,2r9w,3,12.962962962962962,7.1,0.0,0.0,0.0,0
653,2r9w,4,5.555555555555555,6.75,0.0,0.0,0.0,0
654,2r9w,5,1.8518518518518512,7.34,0.0,0.0,0.0,0
655,2r9w,6,2.777777777777777,7.17,0.0,0.0,0.0,0
656,2r9w,7,68.51851851851852,0.74,10.0,0.0,0.5,0
657,2r9w,8,5.555555555555555,7.41,0.0,0.0,0.0,0
658,2r9w,9,14.814814814814813,7.0,0.0,0.0,0.0,0
659,2r9w,10,0.0,6.84,0.0,0.0,0.0,0
660,2v00,1,73.5632183908046,0.98,10.0,7.0,0.85,1
661,2v00,2,57.47126436781609,1.07,10.0,0.0,0.5,0
662,2v00,3,28.735632183908045,2.22,7.0,0.0,0.35,0
663,2v00,4,48.275862068965516,6.49,0.0,0.0,0.0,0
664,2v00,5,0.0,4.72,0.0,0.0,0.0,0
665,2v00,6,12.643678160919542,5.12,0.0,0.0,0.0,0
666,2v00,7,11.494252873563218,3.82,0.0,0.0,0.0,0
667,2v00,8,12.643678160919542,3.53,0.0,0.0,0.0,0
668,2v00,9,2.298850574712643,5.92,0.0,0.0,0.0,0
669,2v00,10,0.0,4.09,0.0,0.0,0.0,0
670,2v7a,1,69.0,1.08,10.0,0.0,0.5,0
671,2v7a,2,81.0,0.6,10.0,10.0,1.0,1
672,2v7a,3,64.0,2.06,7.0,0.0,0.35,0
673,2v7a,4,60.0,1.94,10.0,0.0,0.5,0
674,2v7a,5,1.0,11.15,0.0,0.0,0.0,0
675,2v7a,6,2.0,10.9,0.0,0.0,0.0,0
676,2v7a,7,7.000000000000001,9.98,0.0,0.0,0.0,0
677,2v7a,8,0.0,11.01,0.0,0.0,0.0,0
678,2v7a,9,19.0,4.53,0.0,0.0,0.0,0
679,2v7a,10,0.0,10.46,0.0,0.0,0.0,0
680,2vkm,1,54.0948275862069,2.48,7.0,0.0,0.35,0
681,2vkm,2,60.775862068965516,1.88,10.0,0.0,0.5,0
682,2vkm,3,56.896551724137936,1.85,10.0,0.0,0.5,0
683,2vkm,4,32.112068965517246,4.99,0.0,0.0,0.0,0
684,2vkm,5,38.146551724137936,4.9,0.0,0.0,0.0,0
685,2vkm,6,48.060344827586206,3.42,0.0,0.0,0.0,0
686,2vkm,7,31.25,5.77,0.0,0.0,0.0,0
687,2vkm,8,46.55172413793103,5.83,0.0,0.0,0.0,0
688,2vkm,9,10.991379310344827,11.35,0.0,0.0,0.0,0
689,2vkm,10,0.0,11.2,0.0,0.0,0.0,0
690,2vvn,1,85.2112676056338,0.26,10.0,10.0,1.0,1
691,2vvn,2,11.971830985915492,6.23,0.0,0.0,0.0,0
692,2vvn,3,14.084507042253522,5.83,0.0,0.0,0.0,0
693,2vvn,4,14.084507042253522,2.91,7.0,0.0,0.35,0
694,2vvn,5,7.746478873239436,4.09,0.0,0.0,0.0,0
695,2vvn,6,11.267605633802818,5.41,0.0,0.0,0.0,0
696,2vvn,7,2.112676056338028,7.0,0.0,0.0,0.0,0
697,2vvn,8,6.338028169014084,7.21,0.0,0.0,0.0,0
698,2vvn,9,4.929577464788732,8.4,0.0,0.0,0.0,0
699,2vvn,10,0.0,,,0.0,,0
700,2vw5,1,86.7132867132867,0.38,10.0,10.0,1.0,1
701,2vw5,2,6.993006993006993,7.34,0.0,0.0,0.0,0
702,2vw5,3,0.0,,,0.0,,0
703,2vw5,4,18.88111888111888,6.25,0.0,0.0,0.0,0
704,2vw5,5,0.699300699300699,6.07,0.0,0.0,0.0,0
705,2vw5,6,9.090909090909092,6.91,0.0,0.0,0.0,0
706,2vw5,7,7.692307692307692,5.9,0.0,0.0,0.0,0
707,2vw5,8,11.888111888111888,6.86,0.0,0.0,0.0,0
708,2vw5,9,15.384615384615385,5.47,0.0,0.0,0.0,0
709,2vw5,10,0.0,6.73,0.0,0.0,0.0,0
710,2w4x,1,73.94957983193278,0.71,10.0,7.0,0.85,1
711,2w4x,2,49.57983193277311,1.61,10.0,0.0,0.5,0
712,2w4x,3,5.042016806722689,3.33,0.0,0.0,0.0,0
713,2w4x,4,36.97478991596639,2.58,7.0,0.0,0.35,0
714,2w4x,5,18.487394957983195,5.14,0.0,0.0,0.0,0
715,2w4x,6,0.0,5.67,0.0,0.0,0.0,0
716,2w4x,7,2.521008403361344,5.93,0.0,0.0,0.0,0
717,2w4x,8,15.966386554621847,5.99,0.0,0.0,0.0,0
718,2w4x,9,18.487394957983195,3.08,0.0,0.0,0.0,0
719,2w4x,10,0.0,4.11,0.0,0.0,0.0,0
720,2w66,1,74.80916030534351,0.33,10.0,7.0,0.85,1
721,2w66,2,11.450381679389313,5.01,0.0,0.0,0.0,0
722,2w66,3,4.580152671755725,5.56,0.0,0.0,0.0,0
723,2w66,4,3.053435114503816,4.45,0.0,0.0,0.0,0
724,2w66,5,5.343511450381679,5.81,0.0,0.0,0.0,0
725,2w66,6,3.053435114503816,5.38,0.0,0.0,0.0,0
726,2w66,7,3.816793893129771,6.62,0.0,0.0,0.0,0
727,2w66,8,1.526717557251908,4.85,0.0,0.0,0.0,0
728,2w66,9,5.343511450381679,7.75,0.0,0.0,0.0,0
729,2w66,10,0.0,5.75,0.0,0.0,0.0,0
730,2wbg,1,80.15873015873017,2.86,7.0,10.0,0.85,1
731,2wbg,2,71.82539682539682,2.73,7.0,7.0,0.7,1
732,2wbg,3,75.0,2.72,7.0,7.0,0.7,1
733,2wbg,4,2.380952380952381,8.87,0.0,0.0,0.0,0
734,2wbg,5,75.0,1.31,10.0,7.0,0.85,1
735,2wbg,6,74.20634920634922,2.68,7.0,7.0,0.7,1
736,2wbg,7,73.80952380952381,3.57,0.0,7.0,0.35,0
737,2wbg,8,1.9841269841269842,7.9,0.0,0.0,0.0,0
738,2wbg,9,2.777777777777777,9.09,0.0,0.0,0.0,0
739,2wbg,10,0.0,,,0.0,,0
740,2wca,1,36.08247422680412,3.81,0.0,0.0,0.0,0
741,2wca,2,42.2680412371134,3.82,0.0,0.0,0.0,0
742,2wca,3,42.2680412371134,2.6,7.0,0.0,0.35,0
743,2wca,4,3.092783505154639,7.35,0.0,0.0,0.0,0
744,2wca,5,2.061855670103092,7.29,0.0,0.0,0.0,0
745,2wca,6,2.061855670103092,7.02,0.0,0.0,0.0,0
746,2wca,7,3.092783505154639,7.79,0.0,0.0,0.0,0
747,2wca,8,47.42268041237113,3.08,0.0,0.0,0.0,0
748,2wca,9,37.11340206185567,4.46,0.0,0.0,0.0,0
749,2wca,10,0.0,5.87,0.0,0.0,0.0,0
750,2weg,1,79.36507936507937,0.48,10.0,7.0,0.85,1
751,2weg,2,39.682539682539684,2.15,7.0,0.0,0.35,0
752,2weg,3,41.269841269841265,2.62,7.0,0.0,0.35,0
753,2weg,4,61.904761904761905,2.08,7.0,0.0,0.35,0
754,2weg,5,52.38095238095239,2.91,7.0,0.0,0.35,0
755,2weg,6,28.57142857142857,3.36,0.0,0.0,0.0,0
756,2weg,7,15.873015873015872,3.57,0.0,0.0,0.0,0
757,2weg,8,17.46031746031746,3.8,0.0,0.0,0.0,0
758,2weg,9,7.936507936507936,4.5,0.0,0.0,0.0,0
759,2weg,10,0.0,4.06,0.0,0.0,0.0,0
760,2wer,1,82.48847926267281,0.68,10.0,10.0,1.0,1
761,2wer,2,30.414746543778804,2.49,7.0,0.0,0.35,0
762,2wer,3,12.903225806451612,5.54,0.0,0.0,0.0,0
763,2wer,4,1.84331797235023,6.46,0.0,0.0,0.0,0
764,2wer,5,3.225806451612903,5.95,0.0,0.0,0.0,0
765,2wer,6,3.686635944700461,5.7,0.0,0.0,0.0,0
766,2wer,7,5.0691244239631335,6.84,0.0,0.0,0.0,0
767,2wer,8,1.84331797235023,5.85,0.0,0.0,0.0,0
768,2wer,9,1.84331797235023,7.55,0.0,0.0,0.0,0
769,2wer,10,0.0,5.81,0.0,0.0,0.0,0
770,2wn9,1,3.289473684210526,7.2,0.0,0.0,0.0,0
771,2wn9,2,0.6578947368421051,6.74,0.0,0.0,0.0,0
772,2wn9,3,16.447368421052634,5.92,0.0,0.0,0.0,0
773,2wn9,4,2.6315789473684212,6.48,0.0,0.0,0.0,0
774,2wn9,5,0.6578947368421051,7.72,0.0,0.0,0.0,0
775,2wn9,6,2.6315789473684212,8.16,0.0,0.0,0.0,0
776,2wn9,7,2.6315789473684212,6.27,0.0,0.0,0.0,0
777,2wn9,8,2.6315789473684212,5.62,0.0,0.0,0.0,0
778,2wn9,9,2.6315789473684212,6.46,0.0,0.0,0.0,0
779,2wn9,10,0.0,4.16,0.0,0.0,0.0,0
780,2wnc,1,66.01307189542483,2.87,7.0,0.0,0.35,0
781,2wnc,2,22.22222222222222,4.38,0.0,0.0,0.0,0
782,2wnc,3,81.69934640522875,0.48,10.0,10.0,1.0,1
783,2wnc,4,67.97385620915033,1.17,10.0,0.0,0.5,0
784,2wnc,5,13.071895424836603,4.86,0.0,0.0,0.0,0
785,2wnc,6,47.712418300653596,2.04,7.0,0.0,0.35,0
786,2wnc,7,35.294117647058826,2.39,7.0,0.0,0.35,0
787,2wnc,8,34.64052287581699,2.86,7.0,0.0,0.35,0
788,2wnc,9,18.30065359477124,6.48,0.0,0.0,0.0,0
789,2wnc,10,0.0,8.4,0.0,0.0,0.0,0
790,2wtv,1,47.12643678160919,0.56,10.0,0.0,0.5,0
791,2wtv,2,67.81609195402298,0.54,10.0,0.0,0.5,0
792,2wtv,3,64.36781609195403,0.9,10.0,0.0,0.5,0
793,2wtv,4,27.586206896551722,1.35,10.0,0.0,0.5,0
794,2wtv,5,31.03448275862069,2.04,7.0,0.0,0.35,0
795,2wtv,6,0.0,9.16,0.0,0.0,0.0,0
796,2wtv,7,3.448275862068965,7.95,0.0,0.0,0.0,0
797,2wtv,8,6.896551724137931,8.08,0.0,0.0,0.0,0
798,2wtv,9,9.195402298850574,10.38,0.0,0.0,0.0,0
799,2wtv,10,0.0,,,0.0,,0
800,2wvt,1,74.79674796747967,0.66,10.0,7.0,0.85,1
801,2wvt,2,39.02439024390244,2.07,7.0,0.0,0.35,0
802,2wvt,3,7.317073170731707,3.72,0.0,0.0,0.0,0
803,2wvt,4,13.008130081300814,4.56,0.0,0.0,0.0,0
804,2wvt,5,21.951219512195124,1.29,10.0,0.0,0.5,0
805,2wvt,6,15.447154471544716,3.33,0.0,0.0,0.0,0
806,2wvt,7,17.88617886178862,3.9,0.0,0.0,0.0,0
807,2wvt,8,4.878048780487805,4.22,0.0,0.0,0.0,0
808,2wvt,9,16.260162601626014,3.22,0.0,0.0,0.0,0
809,2wvt,10,0.0,3.84,0.0,0.0,0.0,0
810,2x00,1,73.91304347826086,0.6,10.0,7.0,0.85,1
811,2x00,2,0.0,,,0.0,,0
812,2x00,3,60.86956521739131,1.72,10.0,0.0,0.5,0
813,2x00,4,3.260869565217391,9.63,0.0,0.0,0.0,0
814,2x00,5,7.608695652173914,4.94,0.0,0.0,0.0,0
815,2x00,6,0.0,9.29,0.0,0.0,0.0,0
816,2x00,7,0.0,8.89,0.0,0.0,0.0,0
817,2x00,8,0.0,8.41,0.0,0.0,0.0,0
818,2x00,9,0.0,8.76,0.0,0.0,0.0,0
819,2x00,10,0.0,8.96,0.0,0.0,0.0,0
820,2xb8,1,81.22866894197952,0.44,10.0,10.0,1.0,1
821,2xb8,2,74.06143344709898,0.63,10.0,7.0,0.85,1
822,2xb8,3,8.532423208191126,7.12,0.0,0.0,0.0,0
823,2xb8,4,3.41296928327645,7.15,0.0,0.0,0.0,0
824,2xb8,5,0.0,,,0.0,,0
825,2xb8,6,4.778156996587031,6.6,0.0,0.0,0.0,0
826,2xb8,7,13.993174061433447,3.42,0.0,0.0,0.0,0
827,2xb8,8,4.778156996587031,6.71,0.0,0.0,0.0,0
828,2xb8,9,11.604095563139932,6.93,0.0,0.0,0.0,0
829,2xb8,10,0.0,6.68,0.0,0.0,0.0,0
830,2xbv,1,79.16666666666666,0.53,10.0,7.0,0.85,1
831,2xbv,2,61.53846153846154,1.51,10.0,0.0,0.5,0
832,2xbv,3,63.78205128205128,1.41,10.0,0.0,0.5,0
833,2xbv,4,27.24358974358974,2.5,7.0,0.0,0.35,0
834,2xbv,5,32.371794871794876,2.32,7.0,0.0,0.35,0
835,2xbv,6,23.397435897435898,8.89,0.0,0.0,0.0,0
836,2xbv,7,24.679487179487182,8.91,0.0,0.0,0.0,0
837,2xbv,8,14.423076923076922,8.1,0.0,0.0,0.0,0
838,2xbv,9,19.55128205128205,5.52,0.0,0.0,0.0,0
839,2xbv,10,0.0,9.78,0.0,0.0,0.0,0
840,2xdl,1,76.96969696969697,0.92,10.0,7.0,0.85,1
841,2xdl,2,67.27272727272727,2.29,7.0,0.0,0.35,0
842,2xdl,3,4.242424242424243,5.45,0.0,0.0,0.0,0
843,2xdl,4,3.636363636363636,5.48,0.0,0.0,0.0,0
844,2xdl,5,9.696969696969697,5.09,0.0,0.0,0.0,0
845,2xdl,6,10.909090909090908,5.15,0.0,0.0,0.0,0
846,2xdl,7,7.272727272727272,5.36,0.0,0.0,0.0,0
847,2xdl,8,34.54545454545455,2.32,7.0,0.0,0.35,0
848,2xdl,9,3.636363636363636,5.6,0.0,0.0,0.0,0
849,2xdl,10,0.0,3.2,0.0,0.0,0.0,0
850,2xii,1,81.59509202453987,0.56,10.0,10.0,1.0,1
851,2xii,2,65.6441717791411,3.78,0.0,0.0,0.0,0
852,2xii,3,73.61963190184049,3.72,0.0,7.0,0.35,0
853,2xii,4,60.73619631901841,5.1,0.0,0.0,0.0,0
854,2xii,5,55.21472392638037,6.24,0.0,0.0,0.0,0
855,2xii,6,61.34969325153374,3.88,0.0,0.0,0.0,0
856,2xii,7,66.25766871165644,3.86,0.0,0.0,0.0,0
857,2xii,8,63.190184049079754,5.45,0.0,0.0,0.0,0
858,2xii,9,3.067484662576687,6.92,0.0,0.0,0.0,0
859,2xii,10,0.0,5.76,0.0,0.0,0.0,0
860,2xj7,1,77.87610619469027,0.26,10.0,7.0,0.85,1
861,2xj7,2,53.09734513274337,1.02,10.0,0.0,0.5,0
862,2xj7,3,13.274336283185843,4.7,0.0,0.0,0.0,0
863,2xj7,4,8.849557522123893,4.83,0.0,0.0,0.0,0
864,2xj7,5,1.769911504424778,5.53,0.0,0.0,0.0,0
865,2xj7,6,9.734513274336283,5.12,0.0,0.0,0.0,0
866,2xj7,7,15.929203539823009,3.57,0.0,0.0,0.0,0
867,2xj7,8,2.654867256637168,5.08,0.0,0.0,0.0,0
868,2xj7,9,1.769911504424778,6.75,0.0,0.0,0.0,0
869,2xj7,10,0.0,,,0.0,,0
870,2xnb,1,62.96296296296296,1.0,10.0,0.0,0.5,0
871,2xnb,2,3.7037037037037033,5.65,0.0,0.0,0.0,0
872,2xnb,3,51.85185185185185,1.61,10.0,0.0,0.5,0
873,2xnb,4,3.7037037037037033,5.78,0.0,0.0,0.0,0
874,2xnb,5,4.938271604938271,4.27,0.0,0.0,0.0,0
875,2xnb,6,58.0246913580247,1.07,10.0,0.0,0.5,0
876,2xnb,7,1.234567901234567,6.18,0.0,0.0,0.0,0
877,2xnb,8,22.22222222222222,9.5,0.0,0.0,0.0,0
878,2xnb,9,19.753086419753085,9.13,0.0,0.0,0.0,0
879,2xnb,10,0.0,9.27,0.0,0.0,0.0,0
880,2xys,1,77.61194029850746,0.45,10.0,7.0,0.85,1
881,2xys,2,11.940298507462686,4.81,0.0,0.0,0.0,0
882,2xys,3,22.388059701492537,2.73,7.0,0.0,0.35,0
883,2xys,4,14.925373134328357,3.1,0.0,0.0,0.0,0
884,2xys,5,11.940298507462686,4.26,0.0,0.0,0.0,0
885,2xys,6,14.925373134328357,3.91,0.0,0.0,0.0,0
886,2xys,7,0.0,,,0.0,,0
887,2xys,8,13.432835820895523,4.38,0.0,0.0,0.0,0
888,2xys,9,4.477611940298507,4.93,0.0,0.0,0.0,0
889,2xys,10,0.0,3.22,0.0,0.0,0.0,0
890,2y5h,1,55.294117647058826,2.25,7.0,0.0,0.35,0
891,2y5h,2,54.70588235294118,1.73,10.0,0.0,0.5,0
892,2y5h,3,67.05882352941175,0.89,10.0,0.0,0.5,0
893,2y5h,4,63.52941176470588,3.43,0.0,0.0,0.0,0
894,2y5h,5,17.647058823529413,2.98,7.0,0.0,0.35,0
895,2y5h,6,4.117647058823529,7.33,0.0,0.0,0.0,0
896,2y5h,7,5.88235294117647,6.93,0.0,0.0,0.0,0
897,2y5h,8,0.5882352941176471,7.57,0.0,0.0,0.0,0
898,2y5h,9,16.470588235294116,3.89,0.0,0.0,0.0,0
899,2y5h,10,0.0,,,0.0,,0
900,2yfe,1,47.91666666666667,1.44,10.0,0.0,0.5,0
901,2yfe,2,22.916666666666664,7.7,0.0,0.0,0.0,0
902,2yfe,3,4.166666666666666,8.42,0.0,0.0,0.0,0
903,2yfe,4,4.166666666666666,7.6,0.0,0.0,0.0,0
904,2yfe,5,54.166666666666664,1.34,10.0,0.0,0.5,0
905,2yfe,6,25.0,2.14,7.0,0.0,0.35,0
906,2yfe,7,4.166666666666666,4.11,0.0,0.0,0.0,0
907,2yfe,8,22.916666666666664,3.34,0.0,0.0,0.0,0
908,2yfe,9,4.166666666666666,8.32,0.0,0.0,0.0,0
909,2yfe,10,0.0,7.77,0.0,0.0,0.0,0
910,2yge,1,79.82456140350878,0.59,10.0,7.0,0.85,1
911,2yge,2,0.0,,,0.0,,0
912,2yge,3,0.0,,,0.0,,0
913,2yge,4,0.0,,,0.0,,0
914,2yge,5,0.0,,,0.0,,0
915,2yge,6,0.0,,,0.0,,0
916,2yge,7,0.0,,,0.0,,0
917,2yge,8,0.0,,,0.0,,0
918,2yge,9,0.0,,,0.0,,0
919,2yge,10,0.0,,,0.0,,0
920,2yki,1,87.61061946902655,0.28,10.0,10.0,1.0,1
921,2yki,2,69.91150442477876,1.99,10.0,0.0,0.5,0
922,2yki,3,56.63716814159292,2.07,7.0,0.0,0.35,0
923,2yki,4,0.0,,,0.0,,0
924,2yki,5,0.0,,,0.0,,0
925,2yki,6,0.0,,,0.0,,0
926,2yki,7,0.0,,,0.0,,0
927,2yki,8,0.0,,,0.0,,0
928,2yki,9,0.0,,,0.0,,0
929,2yki,10,0.0,,,0.0,,0
930,2ymd,1,71.12676056338029,0.37,10.0,7.0,0.85,1
931,2ymd,2,16.19718309859155,4.55,0.0,0.0,0.0,0
932,2ymd,3,40.140845070422536,2.7,7.0,0.0,0.35,0
933,2ymd,4,16.901408450704224,4.2,0.0,0.0,0.0,0
934,2ymd,5,2.112676056338028,5.15,0.0,0.0,0.0,0
935,2ymd,6,1.408450704225352,4.91,0.0,0.0,0.0,0
936,2ymd,7,0.0,,,0.0,,0
937,2ymd,8,0.0,,,0.0,,0
938,2ymd,9,0.0,,,0.0,,0
939,2ymd,10,0.0,,,0.0,,0
940,2zb1,1,81.69014084507043,0.41,10.0,10.0,1.0,1
941,2zb1,2,52.112676056338024,1.44,10.0,0.0,0.5,0
942,2zb1,3,64.7887323943662,0.76,10.0,0.0,0.5,0
943,2zb1,4,0.0,10.45,0.0,0.0,0.0,0
944,2zb1,5,0.0,10.33,0.0,0.0,0.0,0
945,2zb1,6,4.225352112676056,9.57,0.0,0.0,0.0,0
946,2zb1,7,1.408450704225352,10.05,0.0,0.0,0.0,0
947,2zb1,8,1.408450704225352,11.07,0.0,0.0,0.0,0
948,2zb1,9,2.816901408450704,9.86,0.0,0.0,0.0,0
949,2zb1,10,0.0,10.75,0.0,0.0,0.0,0
950,2zcq,1,11.224489795918368,5.54,0.0,0.0,0.0,0
951,2zcq,2,9.183673469387756,5.58,0.0,0.0,0.0,0
952,2zcq,3,14.285714285714285,5.73,0.0,0.0,0.0,0
953,2zcq,4,9.183673469387756,5.55,0.0,0.0,0.0,0
954,2zcq,5,6.122448979591836,5.71,0.0,0.0,0.0,0
955,2zcq,6,3.061224489795918,5.63,0.0,0.0,0.0,0
956,2zcq,7,3.061224489795918,5.33,0.0,0.0,0.0,0
957,2zcq,8,13.26530612244898,4.83,0.0,0.0,0.0,0
958,2zcq,9,10.204081632653061,4.91,0.0,0.0,0.0,0
959,2zcq,10,0.0,5.89,0.0,0.0,0.0,0
960,2zcr,1,30.76923076923077,2.91,7.0,0.0,0.35,0
961,2zcr,2,23.076923076923077,3.01,0.0,0.0,0.0,0
962,2zcr,3,29.230769230769234,1.62,10.0,0.0,0.5,0
963,2zcr,4,15.384615384615385,3.62,0.0,0.0,0.0,0
964,2zcr,5,29.230769230769234,1.95,10.0,0.0,0.5,0
965,2zcr,6,44.61538461538462,2.3,7.0,0.0,0.35,0
966,2zcr,7,35.38461538461539,1.63,10.0,0.0,0.5,0
967,2zcr,8,30.76923076923077,2.4,7.0,0.0,0.35,0
968,2zcr,9,23.076923076923077,2.62,7.0,0.0,0.35,0
969,2zcr,10,0.0,0.92,10.0,0.0,0.5,0
970,2zda,1,75.15527950310559,0.46,10.0,7.0,0.85,1
971,2zda,2,48.4472049689441,0.45,10.0,0.0,0.5,0
972,2zda,3,73.29192546583852,1.76,10.0,7.0,0.85,1
973,2zda,4,19.875776397515526,2.97,7.0,0.0,0.35,0
974,2zda,5,59.62732919254658,3.75,0.0,0.0,0.0,0
975,2zda,6,34.161490683229815,2.94,7.0,0.0,0.35,0
976,2zda,7,9.937888198757763,4.16,0.0,0.0,0.0,0
977,2zda,8,3.726708074534161,8.05,0.0,0.0,0.0,0
978,2zda,9,27.95031055900621,2.93,7.0,0.0,0.35,0
979,2zda,10,0.0,3.76,0.0,0.0,0.0,0
980,2zy1,1,30.158730158730158,3.36,0.0,0.0,0.0,0
981,2zy1,2,7.936507936507936,6.48,0.0,0.0,0.0,0
982,2zy1,3,33.33333333333333,2.74,7.0,0.0,0.35,0
983,2zy1,4,26.984126984126984,2.41,7.0,0.0,0.35,0
984,2zy1,5,22.22222222222222,3.03,0.0,0.0,0.0,0
985,2zy1,6,6.349206349206349,6.35,0.0,0.0,0.0,0
986,2zy1,7,47.61904761904761,2.74,7.0,0.0,0.35,0
987,2zy1,8,6.349206349206349,4.47,0.0,0.0,0.0,0
988,2zy1,9,14.285714285714285,3.48,0.0,0.0,0.0,0
989,2zy1,10,0.0,1.06,10.0,0.0,0.5,0
990,3acw,1,46.15384615384615,1.32,10.0,0.0,0.5,0
991,3acw,2,28.846153846153843,1.35,10.0,0.0,0.5,0
992,3acw,3,25.0,2.11,7.0,0.0,0.35,0
993,3acw,4,32.69230769230769,2.12,7.0,0.0,0.35,0
994,3acw,5,13.461538461538462,2.13,7.0,0.0,0.35,0
995,3acw,6,57.692307692307686,1.27,10.0,0.0,0.5,0
996,3acw,7,0.0,7.57,0.0,0.0,0.0,0
997,3acw,8,0.0,,,0.0,,0
998,3acw,9,5.769230769230769,7.33,0.0,0.0,0.0,0
999,3acw,10,0.0,7.31,0.0,0.0,0.0,0
1000,3ag9,1,0.0,9.47,0.0,0.0,0.0,0
1001,3ag9,2,0.0,9.07,0.0,0.0,0.0,0
1002,3ag9,3,0.5649717514124291,8.98,0.0,0.0,0.0,0
1003,3ag9,4,10.734463276836157,10.07,0.0,0.0,0.0,0
1004,3ag9,5,1.1299435028248581,9.07,0.0,0.0,0.0,0
1005,3ag9,6,4.519774011299435,6.45,0.0,0.0,0.0,0
1006,3ag9,7,0.5649717514124291,11.82,0.0,0.0,0.0,0
1007,3ag9,8,0.0,9.88,0.0,0.0,0.0,0
1008,3ag9,9,16.94915254237288,7.21,0.0,0.0,0.0,0
1009,3ag9,10,0.0,7.62,0.0,0.0,0.0,0
1010,3ao4,1,69.31818181818183,1.63,10.0,0.0,0.5,0
1011,3ao4,2,36.36363636363637,1.87,10.0,0.0,0.5,0
1012,3ao4,3,4.545454545454546,6.33,0.0,0.0,0.0,0
1013,3ao4,4,3.409090909090908,6.33,0.0,0.0,0.0,0
1014,3ao4,5,47.72727272727273,1.6,10.0,0.0,0.5,0
1015,3ao4,6,10.227272727272728,6.07,0.0,0.0,0.0,0
1016,3ao4,7,5.681818181818182,4.64,0.0,0.0,0.0,0
1017,3ao4,8,5.681818181818182,6.08,0.0,0.0,0.0,0
1018,3ao4,9,18.181818181818183,3.07,0.0,0.0,0.0,0
1019,3ao4,10,0.0,4.09,0.0,0.0,0.0,0
1020,3arp,1,1.8018018018018012,,,0.0,,0
1021,3arp,2,9.00900900900901,,,0.0,,0
1022,3arp,3,0.0,,,0.0,,0
1023,3arp,4,0.9009009009009,,,0.0,,0
1024,3arp,5,0.9009009009009,,,0.0,,0
1025,3arp,6,0.9009009009009,,,0.0,,0
1026,3arp,7,0.0,,,0.0,,0
1027,3arp,8,19.81981981981982,,,0.0,,0
1028,3arp,9,0.0,,,0.0,,0
1029,3arp,10,0.0,,,0.0,,0
1030,3arq,1,8.653846153846153,10.22,0.0,0.0,0.0,0
1031,3arq,2,0.0,9.97,0.0,0.0,0.0,0
1032,3arq,3,12.980769230769232,7.81,0.0,0.0,0.0,0
1033,3arq,4,38.46153846153847,3.37,0.0,0.0,0.0,0
1034,3arq,5,62.5,1.65,10.0,0.0,0.5,0
1035,3arq,6,12.5,9.95,0.0,0.0,0.0,0
1036,3arq,7,30.76923076923077,3.37,0.0,0.0,0.0,0
1037,3arq,8,15.384615384615385,7.9,0.0,0.0,0.0,0
1038,3arq,9,62.980769230769226,1.73,10.0,0.0,0.5,0
1039,3arq,10,0.0,10.15,0.0,0.0,0.0,0
1040,3aru,1,30.666666666666664,3.19,0.0,0.0,0.0,0
1041,3aru,2,28.000000000000004,3.38,0.0,0.0,0.0,0
1042,3aru,3,48.0,1.56,10.0,0.0,0.5,0
1043,3aru,4,1.333333333333333,6.09,0.0,0.0,0.0,0
1044,3aru,5,17.333333333333336,3.47,0.0,0.0,0.0,0
1045,3aru,6,0.0,7.14,0.0,0.0,0.0,0
1046,3aru,7,1.333333333333333,7.05,0.0,0.0,0.0,0
1047,3aru,8,0.0,6.35,0.0,0.0,0.0,0
1048,3aru,9,0.0,7.61,0.0,0.0,0.0,0
1049,3aru,10,0.0,6.11,0.0,0.0,0.0,0
1050,3arv,1,4.761904761904762,7.69,0.0,0.0,0.0,0
1051,3arv,2,8.16326530612245,6.63,0.0,0.0,0.0,0
1052,3arv,3,18.367346938775512,,,0.0,,0
1053,3arv,4,6.122448979591836,6.94,0.0,0.0,0.0,0
1054,3arv,5,6.122448979591836,,,0.0,,0
1055,3arv,6,42.17687074829932,1.85,10.0,0.0,0.5,0
1056,3arv,7,2.721088435374149,,,0.0,,0
1057,3arv,8,3.401360544217687,,,0.0,,0
1058,3arv,9,17.006802721088434,,,0.0,,0
1059,3arv,10,0.0,,,0.0,,0
1060,3ary,1,2.380952380952381,5.5,0.0,0.0,0.0,0
1061,3ary,2,0.0,8.23,0.0,0.0,0.0,0
1062,3ary,3,1.19047619047619,5.43,0.0,0.0,0.0,0
1063,3ary,4,8.333333333333332,5.33,0.0,0.0,0.0,0
1064,3ary,5,15.476190476190476,4.49,0.0,0.0,0.0,0
1065,3ary,6,0.0,6.87,0.0,0.0,0.0,0
1066,3ary,7,3.571428571428571,4.95,0.0,0.0,0.0,0
1067,3ary,8,2.380952380952381,7.6,0.0,0.0,0.0,0
1068,3ary,9,5.9523809523809526,7.4,0.0,0.0,0.0,0
1069,3ary,10,0.0,,,0.0,,0
1070,3b1m,1,75.0,0.6,10.0,7.0,0.85,1
1071,3b1m,2,50.0,2.17,7.0,0.0,0.35,0
1072,3b1m,3,26.47058823529412,3.43,0.0,0.0,0.0,0
1073,3b1m,4,54.41176470588235,2.53,7.0,0.0,0.35,0
1074,3b1m,5,7.352941176470589,,,0.0,,0
1075,3b1m,6,10.294117647058822,6.51,0.0,0.0,0.0,0
1076,3b1m,7,2.941176470588235,5.36,0.0,0.0,0.0,0
1077,3b1m,8,2.941176470588235,6.21,0.0,0.0,0.0,0
1078,3b1m,9,0.0,6.32,0.0,0.0,0.0,0
1079,3b1m,10,0.0,6.63,0.0,0.0,0.0,0
1080,3b27,1,71.9298245614035,0.39,10.0,7.0,0.85,1
1081,3b27,2,28.07017543859649,4.61,0.0,0.0,0.0,0
1082,3b27,3,50.877192982456144,1.89,10.0,0.0,0.5,0
1083,3b27,4,1.75438596491228,3.65,0.0,0.0,0.0,0
1084,3b27,5,0.0,4.36,0.0,0.0,0.0,0
1085,3b27,6,5.2631578947368425,3.64,0.0,0.0,0.0,0
1086,3b27,7,17.543859649122805,3.16,0.0,0.0,0.0,0
1087,3b27,8,26.31578947368421,3.15,0.0,0.0,0.0,0
1088,3b27,9,0.0,5.32,0.0,0.0,0.0,0
1089,3b27,10,0.0,5.98,0.0,0.0,0.0,0
1090,3b5r,1,76.03305785123968,0.66,10.0,7.0,0.85,1
1091,3b5r,2,66.94214876033058,1.38,10.0,0.0,0.5,0
1092,3b5r,3,43.80165289256198,2.14,7.0,0.0,0.35,0
1093,3b5r,4,0.0,,,0.0,,0
1094,3b5r,5,2.4793388429752072,7.78,0.0,0.0,0.0,0
1095,3b5r,6,4.9586776859504145,7.58,0.0,0.0,0.0,0
1096,3b5r,7,2.4793388429752072,7.53,0.0,0.0,0.0,0
1097,3b5r,8,9.090909090909092,6.85,0.0,0.0,0.0,0
1098,3b5r,9,21.487603305785125,4.66,0.0,0.0,0.0,0
1099,3b5r,10,0.0,7.03,0.0,0.0,0.0,0
1100,3b65,1,66.3265306122449,0.49,10.0,0.0,0.5,0
1101,3b65,2,46.93877551020408,1.84,10.0,0.0,0.5,0
1102,3b65,3,0.0,,,0.0,,0
1103,3b65,4,31.63265306122449,1.9,10.0,0.0,0.5,0
1104,3b65,5,14.285714285714285,7.35,0.0,0.0,0.0,0
1105,3b65,6,7.142857142857142,7.96,0.0,0.0,0.0,0
1106,3b65,7,2.040816326530612,7.59,0.0,0.0,0.0,0
1107,3b65,8,35.714285714285715,4.85,0.0,0.0,0.0,0
1108,3b65,9,11.224489795918368,6.76,0.0,0.0,0.0,0
1109,3b65,10,0.0,7.28,0.0,0.0,0.0,0
1110,3b68,1,63.33333333333333,0.73,10.0,0.0,0.5,0
1111,3b68,2,38.666666666666664,2.07,7.0,0.0,0.35,0
1112,3b68,3,0.0,,,0.0,,0
1113,3b68,4,4.666666666666667,8.82,0.0,0.0,0.0,0
1114,3b68,5,8.0,8.03,0.0,0.0,0.0,0
1115,3b68,6,4.666666666666667,8.33,0.0,0.0,0.0,0
1116,3b68,7,12.0,7.25,0.0,0.0,0.0,0
1117,3b68,8,2.666666666666667,7.5,0.0,0.0,0.0,0
1118,3b68,9,4.666666666666667,7.34,0.0,0.0,0.0,0
1119,3b68,10,0.0,7.49,0.0,0.0,0.0,0
1120,3bgz,1,62.264150943396224,0.4,10.0,0.0,0.5,0
1121,3bgz,2,3.773584905660377,5.98,0.0,0.0,0.0,0
1122,3bgz,3,13.20754716981132,4.3,0.0,0.0,0.0,0
1123,3bgz,4,3.773584905660377,5.7,0.0,0.0,0.0,0
1124,3bgz,5,7.547169811320755,4.2,0.0,0.0,0.0,0
1125,3bgz,6,1.886792452830188,5.5,0.0,0.0,0.0,0
1126,3bgz,7,5.6603773584905674,4.5,0.0,0.0,0.0,0
1127,3bgz,8,1.886792452830188,6.54,0.0,0.0,0.0,0
1128,3bgz,9,24.528301886792452,2.32,7.0,0.0,0.35,0
1129,3bgz,10,0.0,,,0.0,,0
1130,3bv9,1,58.75,,,0.0,,0
1131,3bv9,2,7.916666666666666,,,0.0,,0
1132,3bv9,3,52.083333333333336,,,0.0,,0
1133,3bv9,4,42.916666666666664,,,0.0,,0
1134,3bv9,5,43.333333333333336,3.28,0.0,0.0,0.0,0
1135,3bv9,6,5.416666666666667,,,0.0,,0
1136,3bv9,7,44.166666666666664,3.06,0.0,0.0,0.0,0
1137,3bv9,8,4.583333333333333,,,0.0,,0
1138,3bv9,9,18.333333333333332,,,0.0,,0
1139,3bv9,10,0.0,,,0.0,,0
1140,3cj4,1,61.25000000000001,2.31,7.0,0.0,0.35,0
1141,3cj4,2,65.0,1.19,10.0,0.0,0.5,0
1142,3cj4,3,52.5,2.68,7.0,0.0,0.35,0
1143,3cj4,4,20.0,5.76,0.0,0.0,0.0,0
1144,3cj4,5,2.5,7.07,0.0,0.0,0.0,0
1145,3cj4,6,23.75,5.44,0.0,0.0,0.0,0
1146,3cj4,7,18.75,5.57,0.0,0.0,0.0,0
1147,3cj4,8,21.25,5.29,0.0,0.0,0.0,0
1148,3cj4,9,33.75,2.58,7.0,0.0,0.35,0
1149,3cj4,10,0.0,6.48,0.0,0.0,0.0,0
1150,3coy,1,86.28318584070797,0.28,10.0,10.0,1.0,1
1151,3coy,2,56.63716814159292,4.23,0.0,0.0,0.0,0
1152,3coy,3,71.23893805309734,1.58,10.0,7.0,0.85,1
1153,3coy,4,59.29203539823009,3.37,0.0,0.0,0.0,0
1154,3coy,5,65.04424778761062,3.06,0.0,0.0,0.0,0
1155,3coy,6,18.141592920353983,4.75,0.0,0.0,0.0,0
1156,3coy,7,17.25663716814159,4.96,0.0,0.0,0.0,0
1157,3coy,8,28.31858407079646,3.81,0.0,0.0,0.0,0
1158,3coy,9,10.176991150442479,5.07,0.0,0.0,0.0,0
1159,3coy,10,0.0,6.44,0.0,0.0,0.0,0
1160,3coz,1,55.02958579881657,2.14,7.0,0.0,0.35,0
1161,3coz,2,78.10650887573965,0.42,10.0,7.0,0.85,1
1162,3coz,3,51.4792899408284,4.07,0.0,0.0,0.0,0
1163,3coz,4,61.53846153846154,2.66,7.0,0.0,0.35,0
1164,3coz,5,50.887573964497044,3.12,0.0,0.0,0.0,0
1165,3coz,6,2.366863905325444,7.24,0.0,0.0,0.0,0
1166,3coz,7,14.792899408284024,4.5,0.0,0.0,0.0,0
1167,3coz,8,7.100591715976331,3.93,0.0,0.0,0.0,0
1168,3coz,9,6.508875739644971,5.32,0.0,0.0,0.0,0
1169,3coz,10,0.0,7.5,0.0,0.0,0.0,0
1170,3d4z,1,71.1864406779661,0.95,10.0,7.0,0.85,1
1171,3d4z,2,17.796610169491526,3.49,0.0,0.0,0.0,0
1172,3d4z,3,21.1864406779661,3.62,0.0,0.0,0.0,0
1173,3d4z,4,2.542372881355932,6.81,0.0,0.0,0.0,0
1174,3d4z,5,0.0,5.67,0.0,0.0,0.0,0
1175,3d4z,6,8.47457627118644,4.83,0.0,0.0,0.0,0
1176,3d4z,7,2.542372881355932,7.14,0.0,0.0,0.0,0
1177,3d4z,8,2.542372881355932,7.03,0.0,0.0,0.0,0
1178,3d4z,9,11.016949152542372,4.54,0.0,0.0,0.0,0
1179,3d4z,10,0.0,6.2,0.0,0.0,0.0,0
1180,3d6q,1,5.357142857142857,7.03,0.0,0.0,0.0,0
1181,3d6q,2,60.71428571428571,3.35,0.0,0.0,0.0,0
1182,3d6q,3,60.71428571428571,2.67,7.0,0.0,0.35,0
1183,3d6q,4,46.42857142857143,2.11,7.0,0.0,0.35,0
1184,3d6q,5,28.57142857142857,3.28,0.0,0.0,0.0,0
1185,3d6q,6,28.57142857142857,3.88,0.0,0.0,0.0,0
1186,3d6q,7,0.0,6.5,0.0,0.0,0.0,0
1187,3d6q,8,5.357142857142857,6.41,0.0,0.0,0.0,0
1188,3d6q,9,37.5,2.66,7.0,0.0,0.35,0
1189,3d6q,10,0.0,6.87,0.0,0.0,0.0,0
1190,3dd0,1,81.81818181818183,0.61,10.0,10.0,1.0,1
1191,3dd0,2,63.63636363636363,1.87,10.0,0.0,0.5,0
1192,3dd0,3,75.75757575757575,1.38,10.0,7.0,0.85,1
1193,3dd0,4,66.66666666666666,1.99,10.0,0.0,0.5,0
1194,3dd0,5,4.545454545454546,6.44,0.0,0.0,0.0,0
1195,3dd0,6,37.878787878787875,2.81,7.0,0.0,0.35,0
1196,3dd0,7,34.84848484848485,3.59,0.0,0.0,0.0,0
1197,3dd0,8,34.84848484848485,2.55,7.0,0.0,0.35,0
1198,3dd0,9,22.727272727272727,2.61,7.0,0.0,0.35,0
1199,3dd0,10,0.0,6.48,0.0,0.0,0.0,0
1200,3dx1,1,82.97872340425532,0.41,10.0,10.0,1.0,1
1201,3dx1,2,27.659574468085108,2.4,7.0,0.0,0.35,0
1202,3dx1,3,6.382978723404255,3.36,0.0,0.0,0.0,0
1203,3dx1,4,7.801418439716312,3.59,0.0,0.0,0.0,0
1204,3dx1,5,12.76595744680851,2.97,7.0,0.0,0.35,0
1205,3dx1,6,31.914893617021278,2.49,7.0,0.0,0.35,0
1206,3dx1,7,23.404255319148938,3.09,0.0,0.0,0.0,0
1207,3dx1,8,8.51063829787234,3.73,0.0,0.0,0.0,0
1208,3dx1,9,2.127659574468085,7.34,0.0,0.0,0.0,0
1209,3dx1,10,0.0,,,0.0,,0
1210,3dx2,1,80.51948051948052,0.28,10.0,10.0,1.0,1
1211,3dx2,2,45.45454545454545,2.14,7.0,0.0,0.35,0
1212,3dx2,3,11.688311688311687,5.56,0.0,0.0,0.0,0
1213,3dx2,4,1.948051948051948,6.83,0.0,0.0,0.0,0
1214,3dx2,5,27.27272727272727,3.61,0.0,0.0,0.0,0
1215,3dx2,6,9.090909090909092,5.79,0.0,0.0,0.0,0
1216,3dx2,7,5.8441558441558445,4.52,0.0,0.0,0.0,0
1217,3dx2,8,21.428571428571427,5.89,0.0,0.0,0.0,0
1218,3dx2,9,3.246753246753246,7.31,0.0,0.0,0.0,0
1219,3dx2,10,0.0,,,0.0,,0
1220,3dxg,1,6.818181818181817,5.43,0.0,0.0,0.0,0
1221,3dxg,2,9.090909090909092,6.68,0.0,0.0,0.0,0
1222,3dxg,3,11.363636363636363,6.08,0.0,0.0,0.0,0
1223,3dxg,4,9.090909090909092,4.99,0.0,0.0,0.0,0
1224,3dxg,5,43.18181818181818,3.8,0.0,0.0,0.0,0
1225,3dxg,6,25.0,5.02,0.0,0.0,0.0,0
1226,3dxg,7,11.363636363636363,4.53,0.0,0.0,0.0,0
1227,3dxg,8,4.545454545454546,5.98,0.0,0.0,0.0,0
1228,3dxg,9,6.818181818181817,5.22,0.0,0.0,0.0,0
1229,3dxg,10,0.0,4.6,0.0,0.0,0.0,0
1230,3e5a,1,65.76576576576578,1.01,10.0,0.0,0.5,0
1231,3e5a,2,63.96396396396396,1.42,10.0,0.0,0.5,0
1232,3e5a,3,19.81981981981982,5.48,0.0,0.0,0.0,0
1233,3e5a,4,1.8018018018018012,6.89,0.0,0.0,0.0,0
1234,3e5a,5,12.612612612612612,6.71,0.0,0.0,0.0,0
1235,3e5a,6,1.8018018018018012,6.77,0.0,0.0,0.0,0
1236,3e5a,7,1.8018018018018012,8.04,0.0,0.0,0.0,0
1237,3e5a,8,8.108108108108109,5.26,0.0,0.0,0.0,0
1238,3e5a,9,0.9009009009009,7.85,0.0,0.0,0.0,0
1239,3e5a,10,0.0,7.88,0.0,0.0,0.0,0
1240,3e92,1,78.46153846153847,0.29,10.0,7.0,0.85,1
1241,3e92,2,6.923076923076923,8.94,0.0,0.0,0.0,0
1242,3e92,3,0.0,,,0.0,,0
1243,3e92,4,0.0,,,0.0,,0
1244,3e92,5,0.0,,,0.0,,0
1245,3e92,6,0.0,,,0.0,,0
1246,3e92,7,0.0,,,0.0,,0
1247,3e92,8,0.0,,,0.0,,0
1248,3e92,9,0.0,,,0.0,,0
1249,3e92,10,0.0,,,0.0,,0
1250,3e93,1,87.73584905660378,0.34,10.0,10.0,1.0,1
1251,3e93,2,65.09433962264151,2.88,7.0,0.0,0.35,0
1252,3e93,3,61.32075471698113,1.6,10.0,0.0,0.5,0
1253,3e93,4,40.56603773584906,3.28,0.0,0.0,0.0,0
1254,3e93,5,38.67924528301887,2.77,7.0,0.0,0.35,0
1255,3e93,6,33.9622641509434,3.98,0.0,0.0,0.0,0
1256,3e93,7,0.0,,,0.0,,0
1257,3e93,8,0.0,,,0.0,,0
1258,3e93,9,0.0,,,0.0,,0
1259,3e93,10,0.0,,,0.0,,0
1260,3ebp,1,77.52808988764045,0.7,10.0,7.0,0.85,1
1261,3ebp,2,11.235955056179774,5.38,0.0,0.0,0.0,0
1262,3ebp,3,5.617977528089887,5.54,0.0,0.0,0.0,0
1263,3ebp,4,10.112359550561797,5.33,0.0,0.0,0.0,0
1264,3ebp,5,64.04494382022472,1.96,10.0,0.0,0.5,0
1265,3ebp,6,24.719101123595504,5.69,0.0,0.0,0.0,0
1266,3ebp,7,34.831460674157306,2.75,7.0,0.0,0.35,0
1267,3ebp,8,28.08988764044944,5.58,0.0,0.0,0.0,0
1268,3ebp,9,14.606741573033707,3.92,0.0,0.0,0.0,0
1269,3ebp,10,0.0,5.94,0.0,0.0,0.0,0
1270,3ehy,1,11.428571428571429,4.26,0.0,0.0,0.0,0
1271,3ehy,2,8.571428571428571,7.99,0.0,0.0,0.0,0
1272,3ehy,3,27.142857142857142,3.56,0.0,0.0,0.0,0
1273,3ehy,4,15.714285714285714,3.36,0.0,0.0,0.0,0
1274,3ehy,5,51.42857142857142,1.78,10.0,0.0,0.5,0
1275,3ehy,6,11.428571428571429,7.58,0.0,0.0,0.0,0
1276,3ehy,7,11.428571428571429,5.69,0.0,0.0,0.0,0
1277,3ehy,8,5.714285714285714,6.01,0.0,0.0,0.0,0
1278,3ehy,9,17.142857142857142,5.36,0.0,0.0,0.0,0
1279,3ehy,10,0.0,4.44,0.0,0.0,0.0,0
1280,3ejr,1,80.0,0.39,10.0,10.0,1.0,1
1281,3ejr,2,73.10344827586206,2.71,7.0,7.0,0.7,1
1282,3ejr,3,68.27586206896552,3.4,0.0,0.0,0.0,0
1283,3ejr,4,0.0,7.94,0.0,0.0,0.0,0
1284,3ejr,5,35.86206896551724,2.42,7.0,0.0,0.35,0
1285,3ejr,6,33.793103448275865,5.3,0.0,0.0,0.0,0
1286,3ejr,7,1.379310344827586,4.83,0.0,0.0,0.0,0
1287,3ejr,8,14.482758620689657,5.91,0.0,0.0,0.0,0
1288,3ejr,9,0.0,7.18,0.0,0.0,0.0,0
1289,3ejr,10,0.0,4.59,0.0,0.0,0.0,0
1290,3f3a,1,40.94488188976378,1.61,10.0,0.0,0.5,0
1291,3f3a,2,58.26771653543307,0.95,10.0,0.0,0.5,0
1292,3f3a,3,28.346456692913385,2.24,7.0,0.0,0.35,0
1293,3f3a,4,20.47244094488189,4.46,0.0,0.0,0.0,0
1294,3f3a,5,30.708661417322837,2.83,7.0,0.0,0.35,0
1295,3f3a,6,9.448818897637794,5.2,0.0,0.0,0.0,0
1296,3f3a,7,6.299212598425196,4.96,0.0,0.0,0.0,0
1297,3f3a,8,11.023622047244094,5.07,0.0,0.0,0.0,0
1298,3f3a,9,10.236220472440944,5.54,0.0,0.0,0.0,0
1299,3f3a,10,0.0,5.06,0.0,0.0,0.0,0
1300,3f3c,1,77.55102040816327,0.22,10.0,7.0,0.85,1
1301,3f3c,2,63.94557823129252,0.19,10.0,0.0,0.5,0
1302,3f3c,3,44.21768707482993,1.95,10.0,0.0,0.5,0
1303,3f3c,4,40.816326530612244,1.93,10.0,0.0,0.5,0
1304,3f3c,5,46.93877551020408,2.07,7.0,0.0,0.35,0
1305,3f3c,6,0.0,,,0.0,,0
1306,3f3c,7,0.0,,,0.0,,0
1307,3f3c,8,0.0,,,0.0,,0
1308,3f3c,9,0.0,,,0.0,,0
1309,3f3c,10,0.0,,,0.0,,0
1310,3f3d,1,77.17391304347827,0.98,10.0,7.0,0.85,1
1311,3f3d,2,72.82608695652173,0.98,10.0,7.0,0.85,1
1312,3f3d,3,1.08695652173913,4.5,0.0,0.0,0.0,0
1313,3f3d,4,1.08695652173913,4.52,0.0,0.0,0.0,0
1314,3f3d,5,15.217391304347828,4.19,0.0,0.0,0.0,0
1315,3f3d,6,22.82608695652174,1.85,10.0,0.0,0.5,0
1316,3f3d,7,17.391304347826086,2.24,7.0,0.0,0.35,0
1317,3f3d,8,23.91304347826087,2.26,7.0,0.0,0.35,0
1318,3f3d,9,0.0,,,0.0,,0
1319,3f3d,10,0.0,,,0.0,,0
1320,3f3e,1,56.91056910569105,0.8,10.0,0.0,0.5,0
1321,3f3e,2,76.42276422764228,0.79,10.0,7.0,0.85,1
1322,3f3e,3,17.073170731707318,2.78,7.0,0.0,0.35,0
1323,3f3e,4,24.390243902439025,3.05,0.0,0.0,0.0,0
1324,3f3e,5,10.569105691056912,3.96,0.0,0.0,0.0,0
1325,3f3e,6,19.51219512195122,3.92,0.0,0.0,0.0,0
1326,3f3e,7,6.504065040650407,4.34,0.0,0.0,0.0,0
1327,3f3e,8,4.065040650406503,4.23,0.0,0.0,0.0,0
1328,3f3e,9,12.195121951219512,3.97,0.0,0.0,0.0,0
1329,3f3e,10,0.0,,,0.0,,0
1330,3fcq,1,14.035087719298245,3.6,0.0,0.0,0.0,0
1331,3fcq,2,50.877192982456144,1.92,10.0,0.0,0.5,0
1332,3fcq,3,29.82456140350877,3.24,0.0,0.0,0.0,0
1333,3fcq,4,22.807017543859647,3.52,0.0,0.0,0.0,0
1334,3fcq,5,1.75438596491228,6.4,0.0,0.0,0.0,0
1335,3fcq,6,0.0,7.12,0.0,0.0,0.0,0
1336,3fcq,7,24.561403508771928,3.03,0.0,0.0,0.0,0
1337,3fcq,8,22.807017543859647,4.01,0.0,0.0,0.0,0
1338,3fcq,9,3.5087719298245608,7.3,0.0,0.0,0.0,0
1339,3fcq,10,0.0,6.25,0.0,0.0,0.0,0
1340,3fur,1,82.64462809917356,0.65,10.0,10.0,1.0,1
1341,3fur,2,71.900826446281,0.75,10.0,7.0,0.85,1
1342,3fur,3,42.14876033057851,2.06,7.0,0.0,0.35,0
1343,3fur,4,66.11570247933885,5.07,0.0,0.0,0.0,0
1344,3fur,5,68.59504132231406,2.9,7.0,0.0,0.35,0
1345,3fur,6,34.710743801652896,5.34,0.0,0.0,0.0,0
1346,3fur,7,0.0,,,0.0,,0
1347,3fur,8,0.0,,,0.0,,0
1348,3fur,9,0.0,,,0.0,,0
1349,3fur,10,0.0,,,0.0,,0
1350,3fv1,1,79.83539094650206,0.21,10.0,7.0,0.85,1
1351,3fv1,2,0.0,,,0.0,,0
1352,3fv1,3,0.0,,,0.0,,0
1353,3fv1,4,0.0,,,0.0,,0
1354,3fv1,5,0.0,,,0.0,,0
1355,3fv1,6,0.0,,,0.0,,0
1356,3fv1,7,0.0,,,0.0,,0
1357,3fv1,8,0.0,,,0.0,,0
1358,3fv1,9,0.0,,,0.0,,0
1359,3fv1,10,0.0,,,0.0,,0
1360,3fv2,1,86.19047619047619,0.12,10.0,10.0,1.0,1
1361,3fv2,2,63.8095238095238,1.1,10.0,0.0,0.5,0
1362,3fv2,3,0.0,,,0.0,,0
1363,3fv2,4,0.0,,,0.0,,0
1364,3fv2,5,0.0,,,0.0,,0
1365,3fv2,6,0.0,,,0.0,,0
1366,3fv2,7,0.0,,,0.0,,0
1367,3fv2,8,0.0,,,0.0,,0
1368,3fv2,9,0.0,,,0.0,,0
1369,3fv2,10,0.0,,,0.0,,0
1370,3g0w,1,92.63565891472868,0.16,10.0,10.0,1.0,1
1371,3g0w,2,57.751937984496124,1.83,10.0,0.0,0.5,0
1372,3g0w,3,0.0,,,0.0,,0
1373,3g0w,4,32.55813953488372,3.58,0.0,0.0,0.0,0
1374,3g0w,5,5.813953488372093,6.9,0.0,0.0,0.0,0
1375,3g0w,6,7.751937984496124,7.33,0.0,0.0,0.0,0
1376,3g0w,7,17.441860465116278,4.57,0.0,0.0,0.0,0
1377,3g0w,8,2.713178294573643,7.51,0.0,0.0,0.0,0
1378,3g0w,9,6.976744186046512,6.77,0.0,0.0,0.0,0
1379,3g0w,10,0.0,,,0.0,,0
1380,3g2n,1,67.6829268292683,1.39,10.0,0.0,0.5,0
1381,3g2n,2,70.1219512195122,1.32,10.0,7.0,0.85,1
1382,3g2n,3,16.463414634146343,2.53,7.0,0.0,0.35,0
1383,3g2n,4,41.46341463414634,1.68,10.0,0.0,0.5,0
1384,3g2n,5,9.146341463414634,7.19,0.0,0.0,0.0,0
1385,3g2n,6,9.75609756097561,3.6,0.0,0.0,0.0,0
1386,3g2n,7,0.609756097560975,6.21,0.0,0.0,0.0,0
1387,3g2n,8,24.390243902439025,3.0,0.0,0.0,0.0,0
1388,3g2n,9,3.658536585365853,8.27,0.0,0.0,0.0,0
1389,3g2n,10,0.0,7.8,0.0,0.0,0.0,0
1390,3g2z,1,6.666666666666667,5.55,0.0,0.0,0.0,0
1391,3g2z,2,8.88888888888889,4.98,0.0,0.0,0.0,0
1392,3g2z,3,33.33333333333333,2.78,7.0,0.0,0.35,0
1393,3g2z,4,11.11111111111111,4.83,0.0,0.0,0.0,0
1394,3g2z,5,26.666666666666668,3.21,0.0,0.0,0.0,0
1395,3g2z,6,6.666666666666667,4.7,0.0,0.0,0.0,0
1396,3g2z,7,8.88888888888889,4.18,0.0,0.0,0.0,0
1397,3g2z,8,35.55555555555556,4.82,0.0,0.0,0.0,0
1398,3g2z,9,33.33333333333333,2.14,7.0,0.0,0.35,0
1399,3g2z,10,0.0,4.3,0.0,0.0,0.0,0
1400,3g31,1,20.0,3.63,0.0,0.0,0.0,0
1401,3g31,2,0.0,2.95,7.0,0.0,0.35,0
1402,3g31,3,20.0,5.02,0.0,0.0,0.0,0
1403,3g31,4,20.0,4.16,0.0,0.0,0.0,0
1404,3g31,5,0.0,5.66,0.0,0.0,0.0,0
1405,3g31,6,20.0,2.18,7.0,0.0,0.35,0
1406,3g31,7,0.0,6.14,0.0,0.0,0.0,0
1407,3g31,8,40.0,3.56,0.0,0.0,0.0,0
1408,3g31,9,0.0,4.24,0.0,0.0,0.0,0
1409,3g31,10,0.0,5.08,0.0,0.0,0.0,0
1410,3gbb,1,80.44692737430168,0.72,10.0,10.0,1.0,1
1411,3gbb,2,50.27932960893855,1.22,10.0,0.0,0.5,0
1412,3gbb,3,11.1731843575419,5.0,0.0,0.0,0.0,0
1413,3gbb,4,4.469273743016759,4.96,0.0,0.0,0.0,0
1414,3gbb,5,19.553072625698324,2.97,7.0,0.0,0.35,0
1415,3gbb,6,45.2513966480447,3.42,0.0,0.0,0.0,0
1416,3gbb,7,0.0,,,0.0,,0
1417,3gbb,8,4.469273743016759,5.67,0.0,0.0,0.0,0
1418,3gbb,9,8.379888268156424,3.8,0.0,0.0,0.0,0
1419,3gbb,10,0.0,3.04,0.0,0.0,0.0,0
1420,3gc5,1,83.24607329842932,0.5,10.0,10.0,1.0,1
1421,3gc5,2,41.8848167539267,2.02,7.0,0.0,0.35,0
1422,3gc5,3,10.99476439790576,4.59,0.0,0.0,0.0,0
1423,3gc5,4,17.801047120418847,5.84,0.0,0.0,0.0,0
1424,3gc5,5,8.37696335078534,5.97,0.0,0.0,0.0,0
1425,3gc5,6,9.424083769633508,5.44,0.0,0.0,0.0,0
1426,3gc5,7,15.183246073298431,5.75,0.0,0.0,0.0,0
1427,3gc5,8,18.32460732984293,5.96,0.0,0.0,0.0,0
1428,3gc5,9,2.094240837696335,4.81,0.0,0.0,0.0,0
1429,3gc5,10,0.0,,,0.0,,0
1430,3ge7,1,78.80434782608695,0.92,10.0,7.0,0.85,1
1431,3ge7,2,80.43478260869566,1.13,10.0,10.0,1.0,1
1432,3ge7,3,51.63043478260869,1.51,10.0,0.0,0.5,0
1433,3ge7,4,25.815217391304344,2.75,7.0,0.0,0.35,0
1434,3ge7,5,19.565217391304348,5.19,0.0,0.0,0.0,0
1435,3ge7,6,43.47826086956522,2.02,7.0,0.0,0.35,0
1436,3ge7,7,9.239130434782608,7.11,0.0,0.0,0.0,0
1437,3ge7,8,3.532608695652174,7.19,0.0,0.0,0.0,0
1438,3ge7,9,1.630434782608695,6.96,0.0,0.0,0.0,0
1439,3ge7,10,0.0,4.04,0.0,0.0,0.0,0
1440,3gnw,1,91.22807017543859,0.29,10.0,10.0,1.0,1
1441,3gnw,2,19.298245614035086,5.98,0.0,0.0,0.0,0
1442,3gnw,3,28.947368421052634,1.41,10.0,0.0,0.5,0
1443,3gnw,4,13.157894736842104,6.11,0.0,0.0,0.0,0
1444,3gnw,5,2.6315789473684212,7.13,0.0,0.0,0.0,0
1445,3gnw,6,19.298245614035086,5.73,0.0,0.0,0.0,0
1446,3gnw,7,12.280701754385964,7.66,0.0,0.0,0.0,0
1447,3gnw,8,0.0,,,0.0,,0
1448,3gnw,9,0.0,,,0.0,,0
1449,3gnw,10,0.0,,,0.0,,0
1450,3gr2,1,3.636363636363636,6.69,0.0,0.0,0.0,0
1451,3gr2,2,0.0,5.71,0.0,0.0,0.0,0
1452,3gr2,3,7.272727272727272,5.39,0.0,0.0,0.0,0
1453,3gr2,4,0.0,5.84,0.0,0.0,0.0,0
1454,3gr2,5,0.0,7.1,0.0,0.0,0.0,0
1455,3gr2,6,0.0,6.46,0.0,0.0,0.0,0
1456,3gr2,7,0.0,5.67,0.0,0.0,0.0,0
1457,3gr2,8,43.63636363636363,1.4,10.0,0.0,0.5,0
1458,3gr2,9,16.363636363636363,4.55,0.0,0.0,0.0,0
1459,3gr2,10,0.0,,,0.0,,0
1460,3gv9,1,5.633802816901409,4.41,0.0,0.0,0.0,0
1461,3gv9,2,15.492957746478872,4.2,0.0,0.0,0.0,0
1462,3gv9,3,57.74647887323944,1.74,10.0,0.0,0.5,0
1463,3gv9,4,7.042253521126761,4.32,0.0,0.0,0.0,0
1464,3gv9,5,30.985915492957744,4.32,0.0,0.0,0.0,0
1465,3gv9,6,38.028169014084504,2.86,7.0,0.0,0.35,0
1466,3gv9,7,18.30985915492958,4.62,0.0,0.0,0.0,0
1467,3gv9,8,15.492957746478872,3.06,0.0,0.0,0.0,0
1468,3gv9,9,4.225352112676056,4.14,0.0,0.0,0.0,0
1469,3gv9,10,0.0,,,0.0,,0
1470,3gy4,1,44.95412844036697,0.52,10.0,0.0,0.5,0
1471,3gy4,2,33.94495412844037,0.53,10.0,0.0,0.5,0
1472,3gy4,3,1.834862385321101,4.23,0.0,0.0,0.0,0
1473,3gy4,4,9.174311926605505,4.22,0.0,0.0,0.0,0
1474,3gy4,5,0.0,4.51,0.0,0.0,0.0,0
1475,3gy4,6,38.53211009174312,1.34,10.0,0.0,0.5,0
1476,3gy4,7,1.834862385321101,4.08,0.0,0.0,0.0,0
1477,3gy4,8,0.0,3.81,0.0,0.0,0.0,0
1478,3gy4,9,3.669724770642202,5.5,0.0,0.0,0.0,0
1479,3gy4,10,0.0,3.47,0.0,0.0,0.0,0
1480,3ivg,1,39.784946236559136,1.61,10.0,0.0,0.5,0
1481,3ivg,2,38.70967741935484,1.54,10.0,0.0,0.5,0
1482,3ivg,3,50.53763440860215,1.45,10.0,0.0,0.5,0
1483,3ivg,4,5.376344086021505,9.18,0.0,0.0,0.0,0
1484,3ivg,5,11.827956989247312,6.3,0.0,0.0,0.0,0
1485,3ivg,6,13.978494623655912,4.53,0.0,0.0,0.0,0
1486,3ivg,7,10.75268817204301,3.39,0.0,0.0,0.0,0
1487,3ivg,8,21.50537634408602,7.02,0.0,0.0,0.0,0
1488,3ivg,9,17.20430107526882,6.04,0.0,0.0,0.0,0
1489,3ivg,10,0.0,8.38,0.0,0.0,0.0,0
1490,3jvr,1,76.40449438202246,0.77,10.0,7.0,0.85,1
1491,3jvr,2,50.56179775280899,1.87,10.0,0.0,0.5,0
1492,3jvr,3,1.123595505617977,8.83,0.0,0.0,0.0,0
1493,3jvr,4,0.0,8.51,0.0,0.0,0.0,0
1494,3jvr,5,6.741573033707865,6.35,0.0,0.0,0.0,0
1495,3jvr,6,0.0,8.78,0.0,0.0,0.0,0
1496,3jvr,7,48.31460674157304,2.19,7.0,0.0,0.35,0
1497,3jvr,8,0.0,9.45,0.0,0.0,0.0,0
1498,3jvr,9,0.0,9.39,0.0,0.0,0.0,0
1499,3jvr,10,0.0,10.93,0.0,0.0,0.0,0
1500,3jvs,1,61.32075471698113,1.94,10.0,0.0,0.5,0
1501,3jvs,2,38.67924528301887,2.84,7.0,0.0,0.35,0
1502,3jvs,3,48.113207547169814,2.21,7.0,0.0,0.35,0
1503,3jvs,4,16.9811320754717,9.28,0.0,0.0,0.0,0
1504,3jvs,5,58.490566037735846,0.86,10.0,0.0,0.5,0
1505,3jvs,6,16.037735849056602,9.64,0.0,0.0,0.0,0
1506,3jvs,7,13.20754716981132,9.14,0.0,0.0,0.0,0
1507,3jvs,8,12.264150943396226,9.6,0.0,0.0,0.0,0
1508,3jvs,9,11.320754716981133,9.53,0.0,0.0,0.0,0
1509,3jvs,10,0.0,9.29,0.0,0.0,0.0,0
1510,3jya,1,6.818181818181817,4.53,0.0,0.0,0.0,0
1511,3jya,2,0.0,5.21,0.0,0.0,0.0,0
1512,3jya,3,4.545454545454546,5.11,0.0,0.0,0.0,0
1513,3jya,4,25.0,4.14,0.0,0.0,0.0,0
1514,3jya,5,75.0,0.83,10.0,7.0,0.85,1
1515,3jya,6,27.27272727272727,3.29,0.0,0.0,0.0,0
1516,3jya,7,36.36363636363637,3.23,0.0,0.0,0.0,0
1517,3jya,8,15.909090909090908,4.34,0.0,0.0,0.0,0
1518,3jya,9,15.909090909090908,2.59,7.0,0.0,0.35,0
1519,3jya,10,0.0,,,0.0,,0
1520,3k5v,1,33.33333333333333,3.26,0.0,0.0,0.0,0
1521,3k5v,2,34.92063492063492,3.79,0.0,0.0,0.0,0
1522,3k5v,3,23.809523809523807,3.95,0.0,0.0,0.0,0
1523,3k5v,4,26.984126984126984,4.05,0.0,0.0,0.0,0
1524,3k5v,5,15.873015873015872,3.29,0.0,0.0,0.0,0
1525,3k5v,6,38.095238095238095,3.32,0.0,0.0,0.0,0
1526,3k5v,7,26.984126984126984,4.4,0.0,0.0,0.0,0
1527,3k5v,8,41.269841269841265,2.2,7.0,0.0,0.35,0
1528,3k5v,9,26.984126984126984,3.84,0.0,0.0,0.0,0
1529,3k5v,10,0.0,3.75,0.0,0.0,0.0,0
1530,3kgp,1,45.45454545454545,1.46,10.0,0.0,0.5,0
1531,3kgp,2,54.54545454545454,1.35,10.0,0.0,0.5,0
1532,3kgp,3,0.0,4.67,0.0,0.0,0.0,0
1533,3kgp,4,1.5151515151515151,4.64,0.0,0.0,0.0,0
1534,3kgp,5,1.5151515151515151,4.63,0.0,0.0,0.0,0
1535,3kgp,6,3.03030303030303,4.63,0.0,0.0,0.0,0
1536,3kgp,7,6.06060606060606,4.52,0.0,0.0,0.0,0
1537,3kgp,8,0.0,4.42,0.0,0.0,0.0,0
1538,3kgp,9,7.575757575757576,4.56,0.0,0.0,0.0,0
1539,3kgp,10,0.0,0.82,10.0,0.0,0.5,0
1540,3kr8,1,89.8989898989899,0.31,10.0,10.0,1.0,1
1541,3kr8,2,18.181818181818183,7.39,0.0,0.0,0.0,0
1542,3kr8,3,23.232323232323232,2.25,7.0,0.0,0.35,0
1543,3kr8,4,0.0,8.57,0.0,0.0,0.0,0
1544,3kr8,5,0.0,8.55,0.0,0.0,0.0,0
1545,3kr8,6,0.0,,,0.0,,0
1546,3kr8,7,0.0,,,0.0,,0
1547,3kr8,8,0.0,,,0.0,,0
1548,3kr8,9,0.0,,,0.0,,0
1549,3kr8,10,0.0,,,0.0,,0
1550,3kwa,1,5.454545454545454,3.76,0.0,0.0,0.0,0
1551,3kwa,2,2.727272727272727,3.65,0.0,0.0,0.0,0
1552,3kwa,3,16.363636363636363,3.47,0.0,0.0,0.0,0
1553,3kwa,4,5.454545454545454,3.52,0.0,0.0,0.0,0
1554,3kwa,5,7.272727272727272,1.84,10.0,0.0,0.5,0
1555,3kwa,6,22.727272727272727,3.45,0.0,0.0,0.0,0
1556,3kwa,7,31.818181818181817,3.14,0.0,0.0,0.0,0
1557,3kwa,8,32.72727272727273,2.92,7.0,0.0,0.35,0
1558,3kwa,9,3.636363636363636,3.06,0.0,0.0,0.0,0
1559,3kwa,10,0.0,3.52,0.0,0.0,0.0,0
1560,3l7b,1,77.1604938271605,0.72,10.0,7.0,0.85,1
1561,3l7b,2,46.2962962962963,1.84,10.0,0.0,0.5,0
1562,3l7b,3,14.814814814814813,6.36,0.0,0.0,0.0,0
1563,3l7b,4,14.814814814814813,3.99,0.0,0.0,0.0,0
1564,3l7b,5,14.814814814814813,6.05,0.0,0.0,0.0,0
1565,3l7b,6,10.493827160493826,8.64,0.0,0.0,0.0,0
1566,3l7b,7,29.629629629629626,3.16,0.0,0.0,0.0,0
1567,3l7b,8,0.0,6.32,0.0,0.0,0.0,0
1568,3l7b,9,20.37037037037037,3.46,0.0,0.0,0.0,0
1569,3l7b,10,0.0,7.31,0.0,0.0,0.0,0
1570,3lka,1,24.489795918367346,5.2,0.0,0.0,0.0,0
1571,3lka,2,8.16326530612245,5.76,0.0,0.0,0.0,0
1572,3lka,3,20.408163265306122,2.28,7.0,0.0,0.35,0
1573,3lka,4,40.816326530612244,2.26,7.0,0.0,0.35,0
1574,3lka,5,28.57142857142857,5.59,0.0,0.0,0.0,0
1575,3lka,6,34.69387755102041,2.2,7.0,0.0,0.35,0
1576,3lka,7,12.244897959183673,6.28,0.0,0.0,0.0,0
1577,3lka,8,18.367346938775512,1.78,10.0,0.0,0.5,0
1578,3lka,9,12.244897959183673,7.37,0.0,0.0,0.0,0
1579,3lka,10,0.0,4.02,0.0,0.0,0.0,0
1580,3mss,1,56.25,2.65,7.0,0.0,0.35,0
1581,3mss,2,34.375,2.63,7.0,0.0,0.35,0
1582,3mss,3,37.5,2.96,7.0,0.0,0.35,0
1583,3mss,4,62.5,2.98,7.0,0.0,0.35,0
1584,3mss,5,59.375,2.36,7.0,0.0,0.35,0
1585,3mss,6,62.5,2.45,7.0,0.0,0.35,0
1586,3mss,7,68.75,1.9,10.0,0.0,0.5,0
1587,3mss,8,9.375,8.49,0.0,0.0,0.0,0
1588,3mss,9,62.5,1.67,10.0,0.0,0.5,0
1589,3mss,10,0.0,8.57,0.0,0.0,0.0,0
1590,3myg,1,0.0,12.22,0.0,0.0,0.0,0
1591,3myg,2,1.075268817204301,12.2,0.0,0.0,0.0,0
1592,3myg,3,0.0,12.12,0.0,0.0,0.0,0
1593,3myg,4,48.38709677419355,2.41,7.0,0.0,0.35,0
1594,3myg,5,5.376344086021505,11.85,0.0,0.0,0.0,0
1595,3myg,6,3.225806451612903,11.24,0.0,0.0,0.0,0
1596,3myg,7,62.365591397849464,0.64,10.0,0.0,0.5,0
1597,3myg,8,0.0,13.07,0.0,0.0,0.0,0
1598,3myg,9,1.075268817204301,8.95,0.0,0.0,0.0,0
1599,3myg,10,0.0,11.86,0.0,0.0,0.0,0
1600,3n76,1,69.6078431372549,,,0.0,,0
1601,3n76,2,67.64705882352942,0.91,10.0,0.0,0.5,0
1602,3n76,3,29.73856209150327,,,0.0,,0
1603,3n76,4,2.941176470588235,,,0.0,,0
1604,3n76,5,48.69281045751634,,,0.0,,0
1605,3n76,6,0.0,,,0.0,,0
1606,3n76,7,26.143790849673206,,,0.0,,0
1607,3n76,8,4.901960784313726,,,0.0,,0
1608,3n76,9,10.457516339869281,,,0.0,,0
1609,3n76,10,0.0,,,0.0,,0
1610,3n7a,1,87.61904761904762,0.22,10.0,10.0,1.0,1
1611,3n7a,2,66.19047619047619,1.2,10.0,0.0,0.5,0
1612,3n7a,3,72.85714285714285,0.44,10.0,7.0,0.85,1
1613,3n7a,4,13.80952380952381,4.1,0.0,0.0,0.0,0
1614,3n7a,5,0.47619047619047605,8.54,0.0,0.0,0.0,0
1615,3n7a,6,40.476190476190474,2.28,7.0,0.0,0.35,0
1616,3n7a,7,0.47619047619047605,8.0,0.0,0.0,0.0,0
1617,3n7a,8,14.285714285714285,4.35,0.0,0.0,0.0,0
1618,3n7a,9,19.523809523809526,4.42,0.0,0.0,0.0,0
1619,3n7a,10,0.0,4.68,0.0,0.0,0.0,0
1620,3n86,1,76.12359550561798,0.69,10.0,7.0,0.85,1
1621,3n86,2,72.19101123595506,0.73,10.0,7.0,0.85,1
1622,3n86,3,28.370786516853936,3.02,0.0,0.0,0.0,0
1623,3n86,4,27.247191011235955,2.95,7.0,0.0,0.35,0
1624,3n86,5,0.0,,,0.0,,0
1625,3n86,6,4.213483146067416,7.81,0.0,0.0,0.0,0
1626,3n86,7,27.808988764044944,3.19,0.0,0.0,0.0,0
1627,3n86,8,7.865168539325842,7.67,0.0,0.0,0.0,0
1628,3n86,9,17.97752808988764,4.31,0.0,0.0,0.0,0
1629,3n86,10,0.0,8.43,0.0,0.0,0.0,0
1630,3nq9,1,14.285714285714285,2.78,7.0,0.0,0.35,0
1631,3nq9,2,0.0,6.0,0.0,0.0,0.0,0
1632,3nq9,3,28.57142857142857,3.56,0.0,0.0,0.0,0
1633,3nq9,4,14.285714285714285,2.3,7.0,0.0,0.35,0
1634,3nq9,5,0.0,6.94,0.0,0.0,0.0,0
1635,3nq9,6,0.0,8.19,0.0,0.0,0.0,0
1636,3nq9,7,0.0,5.56,0.0,0.0,0.0,0
1637,3nq9,8,14.285714285714285,5.39,0.0,0.0,0.0,0
1638,3nq9,9,7.142857142857142,4.11,0.0,0.0,0.0,0
1639,3nq9,10,0.0,,,0.0,,0
1640,3nw9,1,72.58064516129032,0.62,10.0,7.0,0.85,1
1641,3nw9,2,45.69892473118279,5.51,0.0,0.0,0.0,0
1642,3nw9,3,50.0,2.77,7.0,0.0,0.35,0
1643,3nw9,4,36.55913978494624,3.94,0.0,0.0,0.0,0
1644,3nw9,5,3.763440860215054,10.27,0.0,0.0,0.0,0
1645,3nw9,6,44.623655913978496,6.23,0.0,0.0,0.0,0
1646,3nw9,7,0.0,11.1,0.0,0.0,0.0,0
1647,3nw9,8,32.25806451612903,6.74,0.0,0.0,0.0,0
1648,3nw9,9,22.043010752688172,3.96,0.0,0.0,0.0,0
1649,3nw9,10,0.0,10.6,0.0,0.0,0.0,0
1650,3nx7,1,56.00000000000001,1.0,10.0,0.0,0.5,0
1651,3nx7,2,8.0,3.76,0.0,0.0,0.0,0
1652,3nx7,3,29.333333333333332,3.12,0.0,0.0,0.0,0
1653,3nx7,4,10.666666666666668,3.5,0.0,0.0,0.0,0
1654,3nx7,5,14.666666666666666,2.68,7.0,0.0,0.35,0
1655,3nx7,6,13.333333333333334,3.41,0.0,0.0,0.0,0
1656,3nx7,7,16.0,3.33,0.0,0.0,0.0,0
1657,3nx7,8,24.0,2.87,7.0,0.0,0.35,0
1658,3nx7,9,45.33333333333333,2.38,7.0,0.0,0.35,0
1659,3nx7,10,0.0,3.48,0.0,0.0,0.0,0
1660,3o9i,1,89.27536231884058,0.37,10.0,10.0,1.0,1
1661,3o9i,2,3.478260869565217,9.6,0.0,0.0,0.0,0
1662,3o9i,3,4.63768115942029,10.19,0.0,0.0,0.0,0
1663,3o9i,4,51.59420289855072,3.35,0.0,0.0,0.0,0
1664,3o9i,5,26.3768115942029,4.99,0.0,0.0,0.0,0
1665,3o9i,6,3.1884057971014492,9.07,0.0,0.0,0.0,0
1666,3o9i,7,4.347826086956521,9.57,0.0,0.0,0.0,0
1667,3o9i,8,40.28985507246377,1.67,10.0,0.0,0.5,0
1668,3o9i,9,8.985507246376812,9.54,0.0,0.0,0.0,0
1669,3o9i,10,0.0,3.58,0.0,0.0,0.0,0
1670,3oe4,1,74.57627118644068,0.71,10.0,7.0,0.85,1
1671,3oe4,2,57.06214689265536,2.35,7.0,0.0,0.35,0
1672,3oe4,3,1.1299435028248581,9.94,0.0,0.0,0.0,0
1673,3oe4,4,0.0,10.88,0.0,0.0,0.0,0
1674,3oe4,5,1.1299435028248581,10.52,0.0,0.0,0.0,0
1675,3oe4,6,0.0,9.92,0.0,0.0,0.0,0
1676,3oe4,7,0.0,11.15,0.0,0.0,0.0,0
1677,3oe4,8,47.45762711864407,4.61,0.0,0.0,0.0,0
1678,3oe4,9,0.0,10.88,0.0,0.0,0.0,0
1679,3oe4,10,0.0,4.18,0.0,0.0,0.0,0
1680,3oe5,1,78.02690582959642,0.45,10.0,7.0,0.85,1
1681,3oe5,2,51.569506726457405,2.46,7.0,0.0,0.35,0
1682,3oe5,3,42.152466367713004,4.9,0.0,0.0,0.0,0
1683,3oe5,4,0.448430493273542,11.0,0.0,0.0,0.0,0
1684,3oe5,5,44.843049327354265,5.13,0.0,0.0,0.0,0
1685,3oe5,6,14.349775784753364,6.39,0.0,0.0,0.0,0
1686,3oe5,7,54.7085201793722,4.41,0.0,0.0,0.0,0
1687,3oe5,8,2.242152466367713,10.78,0.0,0.0,0.0,0
1688,3oe5,9,11.659192825112108,7.58,0.0,0.0,0.0,0
1689,3oe5,10,0.0,10.5,0.0,0.0,0.0,0
1690,3ozs,1,74.25149700598801,0.46,10.0,7.0,0.85,1
1691,3ozs,2,49.101796407185624,2.41,7.0,0.0,0.35,0
1692,3ozs,3,0.59880239520958,10.55,0.0,0.0,0.0,0
1693,3ozs,4,28.143712574850298,2.68,7.0,0.0,0.35,0
1694,3ozs,5,37.72455089820359,4.95,0.0,0.0,0.0,0
1695,3ozs,6,1.197604790419161,10.21,0.0,0.0,0.0,0
1696,3ozs,7,0.59880239520958,11.65,0.0,0.0,0.0,0
1697,3ozs,8,1.796407185628742,11.1,0.0,0.0,0.0,0
1698,3ozs,9,9.580838323353294,7.72,0.0,0.0,0.0,0
1699,3ozs,10,0.0,4.75,0.0,0.0,0.0,0
1700,3ozt,1,79.62962962962963,0.46,10.0,7.0,0.85,1
1701,3ozt,2,50.0,2.43,7.0,0.0,0.35,0
1702,3ozt,3,1.234567901234567,10.95,0.0,0.0,0.0,0
1703,3ozt,4,2.469135802469135,9.88,0.0,0.0,0.0,0
1704,3ozt,5,41.358024691358025,4.98,0.0,0.0,0.0,0
1705,3ozt,6,30.864197530864196,4.88,0.0,0.0,0.0,0
1706,3ozt,7,0.0,10.06,0.0,0.0,0.0,0
1707,3ozt,8,44.44444444444444,5.02,0.0,0.0,0.0,0
1708,3ozt,9,44.44444444444444,5.19,0.0,0.0,0.0,0
1709,3ozt,10,0.0,4.24,0.0,0.0,0.0,0
1710,3p5o,1,80.35714285714286,1.14,10.0,10.0,1.0,1
1711,3p5o,2,80.35714285714286,1.24,10.0,10.0,1.0,1
1712,3p5o,3,8.928571428571429,6.38,0.0,0.0,0.0,0
1713,3p5o,4,5.357142857142857,6.14,0.0,0.0,0.0,0
1714,3p5o,5,3.571428571428571,6.6,0.0,0.0,0.0,0
1715,3p5o,6,3.571428571428571,5.66,0.0,0.0,0.0,0
1716,3p5o,7,12.5,7.28,0.0,0.0,0.0,0
1717,3p5o,8,3.571428571428571,6.07,0.0,0.0,0.0,0
1718,3p5o,9,0.0,6.08,0.0,0.0,0.0,0
1719,3p5o,10,0.0,6.56,0.0,0.0,0.0,0
1720,3prs,1,69.23076923076923,1.97,10.0,0.0,0.5,0
1721,3prs,2,27.692307692307693,2.82,7.0,0.0,0.35,0
1722,3prs,3,71.53846153846153,2.16,7.0,7.0,0.7,1
1723,3prs,4,20.76923076923077,4.52,0.0,0.0,0.0,0
1724,3prs,5,41.53846153846154,4.45,0.0,0.0,0.0,0
1725,3prs,6,19.230769230769234,4.62,0.0,0.0,0.0,0
1726,3prs,7,2.307692307692308,6.33,0.0,0.0,0.0,0
1727,3prs,8,46.15384615384615,3.68,0.0,0.0,0.0,0
1728,3prs,9,4.615384615384616,6.95,0.0,0.0,0.0,0
1729,3prs,10,0.0,7.68,0.0,0.0,0.0,0
1730,3pww,1,70.98765432098766,0.62,10.0,7.0,0.85,1
1731,3pww,2,57.407407407407405,1.53,10.0,0.0,0.5,0
1732,3pww,3,50.0,4.66,0.0,0.0,0.0,0
1733,3pww,4,41.358024691358025,3.22,0.0,0.0,0.0,0
1734,3pww,5,22.22222222222222,5.94,0.0,0.0,0.0,0
1735,3pww,6,46.2962962962963,3.22,0.0,0.0,0.0,0
1736,3pww,7,9.876543209876543,9.9,0.0,0.0,0.0,0
1737,3pww,8,3.086419753086419,9.59,0.0,0.0,0.0,0
1738,3pww,9,6.790123456790123,10.91,0.0,0.0,0.0,0
1739,3pww,10,0.0,10.38,0.0,0.0,0.0,0
1740,3pxf,1,3.333333333333333,8.65,0.0,0.0,0.0,0
1741,3pxf,2,0.0,8.49,0.0,0.0,0.0,0
1742,3pxf,3,0.0,8.17,0.0,0.0,0.0,0
1743,3pxf,4,13.333333333333334,4.64,0.0,0.0,0.0,0
1744,3pxf,5,3.333333333333333,5.84,0.0,0.0,0.0,0
1745,3pxf,6,6.666666666666667,8.39,0.0,0.0,0.0,0
1746,3pxf,7,6.666666666666667,8.14,0.0,0.0,0.0,0
1747,3pxf,8,0.0,8.04,0.0,0.0,0.0,0
1748,3pxf,9,6.666666666666667,8.27,0.0,0.0,0.0,0
1749,3pxf,10,0.0,7.88,0.0,0.0,0.0,0
1750,3pyy,1,92.43027888446214,0.23,10.0,10.0,1.0,1
1751,3pyy,2,77.29083665338645,0.21,10.0,7.0,0.85,1
1752,3pyy,3,15.53784860557769,5.95,0.0,0.0,0.0,0
1753,3pyy,4,7.569721115537849,7.12,0.0,0.0,0.0,0
1754,3pyy,5,5.577689243027888,7.1,0.0,0.0,0.0,0
1755,3pyy,6,0.398406374501992,7.79,0.0,0.0,0.0,0
1756,3pyy,7,8.764940239043826,6.93,0.0,0.0,0.0,0
1757,3pyy,8,4.382470119521913,6.98,0.0,0.0,0.0,0
1758,3pyy,9,3.585657370517928,6.93,0.0,0.0,0.0,0
1759,3pyy,10,0.0,6.81,0.0,0.0,0.0,0
1760,3qgy,1,7.692307692307692,6.21,0.0,0.0,0.0,0
1761,3qgy,2,7.692307692307692,7.31,0.0,0.0,0.0,0
1762,3qgy,3,67.94871794871796,0.82,10.0,0.0,0.5,0
1763,3qgy,4,6.41025641025641,7.72,0.0,0.0,0.0,0
1764,3qgy,5,69.23076923076923,2.42,7.0,0.0,0.35,0
1765,3qgy,6,11.538461538461538,3.34,0.0,0.0,0.0,0
1766,3qgy,7,0.0,7.08,0.0,0.0,0.0,0
1767,3qgy,8,5.128205128205128,7.73,0.0,0.0,0.0,0
1768,3qgy,9,3.846153846153846,8.43,0.0,0.0,0.0,0
1769,3qgy,10,0.0,9.13,0.0,0.0,0.0,0
1770,3qqs,1,20.588235294117645,0.69,10.0,0.0,0.5,0
1771,3qqs,2,84.31372549019608,0.74,10.0,10.0,1.0,1
1772,3qqs,3,28.431372549019606,4.41,0.0,0.0,0.0,0
1773,3qqs,4,11.76470588235294,4.39,0.0,0.0,0.0,0
1774,3qqs,5,11.76470588235294,4.95,0.0,0.0,0.0,0
1775,3qqs,6,7.8431372549019605,4.96,0.0,0.0,0.0,0
1776,3qqs,7,1.9607843137254901,6.94,0.0,0.0,0.0,0
1777,3qqs,8,9.803921568627452,7.01,0.0,0.0,0.0,0
1778,3qqs,9,25.49019607843137,4.9,0.0,0.0,0.0,0
1779,3qqs,10,0.0,5.06,0.0,0.0,0.0,0
1780,3r88,1,85.18518518518519,0.52,10.0,10.0,1.0,1
1781,3r88,2,6.172839506172839,9.07,0.0,0.0,0.0,0
1782,3r88,3,2.469135802469135,8.67,0.0,0.0,0.0,0
1783,3r88,4,39.50617283950617,2.51,7.0,0.0,0.35,0
1784,3r88,5,35.80246913580247,4.21,0.0,0.0,0.0,0
1785,3r88,6,37.03703703703704,2.24,7.0,0.0,0.35,0
1786,3r88,7,16.049382716049383,3.8,0.0,0.0,0.0,0
1787,3r88,8,17.28395061728395,5.59,0.0,0.0,0.0,0
1788,3r88,9,3.7037037037037033,8.5,0.0,0.0,0.0,0
1789,3r88,10,0.0,9.13,0.0,0.0,0.0,0
1790,3rlr,1,95.71428571428572,0.26,10.0,10.0,1.0,1
1791,3rlr,2,25.714285714285708,3.61,0.0,0.0,0.0,0
1792,3rlr,3,28.57142857142857,3.94,0.0,0.0,0.0,0
1793,3rlr,4,10.0,4.47,0.0,0.0,0.0,0
1794,3rlr,5,0.0,6.71,0.0,0.0,0.0,0
1795,3rlr,6,0.0,6.43,0.0,0.0,0.0,0
1796,3rlr,7,8.571428571428571,6.17,0.0,0.0,0.0,0
1797,3rlr,8,0.0,7.68,0.0,0.0,0.0,0
1798,3rlr,9,0.0,5.53,0.0,0.0,0.0,0
1799,3rlr,10,0.0,6.14,0.0,0.0,0.0,0
1800,3rr4,1,81.06060606060606,0.34,10.0,10.0,1.0,1
1801,3rr4,2,16.666666666666664,6.09,0.0,0.0,0.0,0
1802,3rr4,3,21.96969696969697,4.75,0.0,0.0,0.0,0
1803,3rr4,4,16.666666666666664,4.91,0.0,0.0,0.0,0
1804,3rr4,5,3.03030303030303,7.36,0.0,0.0,0.0,0
1805,3rr4,6,40.53030303030303,2.88,7.0,0.0,0.35,0
1806,3rr4,7,26.515151515151516,3.21,0.0,0.0,0.0,0
1807,3rr4,8,17.424242424242426,4.6,0.0,0.0,0.0,0
1808,3rr4,9,4.166666666666666,7.08,0.0,0.0,0.0,0
1809,3rr4,10,0.0,6.77,0.0,0.0,0.0,0
1810,3rsx,1,3.7037037037037033,4.81,0.0,0.0,0.0,0
1811,3rsx,2,2.469135802469135,6.24,0.0,0.0,0.0,0
1812,3rsx,3,83.9506172839506,0.5,10.0,10.0,1.0,1
1813,3rsx,4,58.0246913580247,1.37,10.0,0.0,0.5,0
1814,3rsx,5,67.90123456790124,0.58,10.0,0.0,0.5,0
1815,3rsx,6,0.0,5.3,0.0,0.0,0.0,0
1816,3rsx,7,43.20987654320987,1.39,10.0,0.0,0.5,0
1817,3rsx,8,3.7037037037037033,6.02,0.0,0.0,0.0,0
1818,3rsx,9,0.0,5.11,0.0,0.0,0.0,0
1819,3rsx,10,0.0,3.35,0.0,0.0,0.0,0
1820,3ryj,1,56.41025641025641,1.21,10.0,0.0,0.5,0
1821,3ryj,2,34.61538461538461,1.21,10.0,0.0,0.5,0
1822,3ryj,3,39.743589743589745,3.22,0.0,0.0,0.0,0
1823,3ryj,4,33.33333333333333,3.26,0.0,0.0,0.0,0
1824,3ryj,5,35.8974358974359,1.34,10.0,0.0,0.5,0
1825,3ryj,6,51.28205128205128,1.43,10.0,0.0,0.5,0
1826,3ryj,7,32.05128205128205,1.63,10.0,0.0,0.5,0
1827,3ryj,8,6.41025641025641,7.08,0.0,0.0,0.0,0
1828,3ryj,9,6.41025641025641,7.08,0.0,0.0,0.0,0
1829,3ryj,10,0.0,6.97,0.0,0.0,0.0,0
1830,3syr,1,84.50704225352112,0.29,10.0,10.0,1.0,1
1831,3syr,2,31.690140845070424,2.25,7.0,0.0,0.35,0
1832,3syr,3,0.0,6.64,0.0,0.0,0.0,0
1833,3syr,4,2.112676056338028,6.23,0.0,0.0,0.0,0
1834,3syr,5,2.816901408450704,9.07,0.0,0.0,0.0,0
1835,3syr,6,16.19718309859155,7.52,0.0,0.0,0.0,0
1836,3syr,7,0.0,,,0.0,,0
1837,3syr,8,0.0,,,0.0,,0
1838,3syr,9,0.0,,,0.0,,0
1839,3syr,10,0.0,,,0.0,,0
1840,3tsk,1,58.333333333333336,,,0.0,,0
1841,3tsk,2,6.25,,,0.0,,0
1842,3tsk,3,3.125,,,0.0,,0
1843,3tsk,4,41.66666666666667,,,0.0,,0
1844,3tsk,5,63.541666666666664,,,0.0,,0
1845,3tsk,6,16.666666666666664,,,0.0,,0
1846,3tsk,7,14.583333333333334,,,0.0,,0
1847,3tsk,8,39.58333333333333,,,0.0,,0
1848,3tsk,9,21.875,,,0.0,,0
1849,3tsk,10,0.0,,,0.0,,0
1850,3twp,1,3.7037037037037033,3.87,0.0,0.0,0.0,0
1851,3twp,2,25.925925925925924,3.02,0.0,0.0,0.0,0
1852,3twp,3,7.407407407407406,6.58,0.0,0.0,0.0,0
1853,3twp,4,40.74074074074074,2.27,7.0,0.0,0.35,0
1854,3twp,5,25.925925925925924,2.62,7.0,0.0,0.35,0
1855,3twp,6,3.7037037037037033,5.58,0.0,0.0,0.0,0
1856,3twp,7,0.0,6.28,0.0,0.0,0.0,0
1857,3twp,8,11.11111111111111,5.67,0.0,0.0,0.0,0
1858,3twp,9,44.44444444444444,2.26,7.0,0.0,0.35,0
1859,3twp,10,0.0,8.31,0.0,0.0,0.0,0
1860,3u5j,1,82.6086956521739,0.22,10.0,10.0,1.0,1
1861,3u5j,2,39.130434782608695,1.49,10.0,0.0,0.5,0
1862,3u5j,3,13.043478260869565,4.94,0.0,0.0,0.0,0
1863,3u5j,4,10.869565217391305,4.83,0.0,0.0,0.0,0
1864,3u5j,5,2.17391304347826,6.04,0.0,0.0,0.0,0
1865,3u5j,6,6.521739130434782,6.09,0.0,0.0,0.0,0
1866,3u5j,7,13.043478260869565,5.57,0.0,0.0,0.0,0
1867,3u5j,8,0.0,4.89,0.0,0.0,0.0,0
1868,3u5j,9,13.043478260869565,6.0,0.0,0.0,0.0,0
1869,3u5j,10,0.0,6.0,0.0,0.0,0.0,0
1870,3u8k,1,71.09826589595376,0.99,10.0,7.0,0.85,1
1871,3u8k,2,61.849710982658955,2.77,7.0,0.0,0.35,0
1872,3u8k,3,9.248554913294797,5.19,0.0,0.0,0.0,0
1873,3u8k,4,10.982658959537572,7.54,0.0,0.0,0.0,0
1874,3u8k,5,9.826589595375722,8.73,0.0,0.0,0.0,0
1875,3u8k,6,9.826589595375722,7.79,0.0,0.0,0.0,0
1876,3u8k,7,9.248554913294797,6.03,0.0,0.0,0.0,0
1877,3u8k,8,1.1560693641618491,8.19,0.0,0.0,0.0,0
1878,3u8k,9,1.734104046242774,8.71,0.0,0.0,0.0,0
1879,3u8k,10,0.0,8.75,0.0,0.0,0.0,0
1880,3u8n,1,81.81818181818183,0.43,10.0,10.0,1.0,1
1881,3u8n,2,63.63636363636363,3.22,0.0,0.0,0.0,0
1882,3u8n,3,6.363636363636363,9.48,0.0,0.0,0.0,0
1883,3u8n,4,6.363636363636363,8.85,0.0,0.0,0.0,0
1884,3u8n,5,8.181818181818182,9.39,0.0,0.0,0.0,0
1885,3u8n,6,0.0,,,0.0,,0
1886,3u8n,7,0.0,,,0.0,,0
1887,3u8n,8,0.0,,,0.0,,0
1888,3u8n,9,0.0,,,0.0,,0
1889,3u8n,10,0.0,,,0.0,,0
1890,3u9q,1,50.0,1.04,10.0,0.0,0.5,0
1891,3u9q,2,4.761904761904762,7.29,0.0,0.0,0.0,0
1892,3u9q,3,35.714285714285715,0.99,10.0,0.0,0.5,0
1893,3u9q,4,30.952380952380953,2.17,7.0,0.0,0.35,0
1894,3u9q,5,14.285714285714285,5.65,0.0,0.0,0.0,0
1895,3u9q,6,35.714285714285715,2.04,7.0,0.0,0.35,0
1896,3u9q,7,28.57142857142857,2.32,7.0,0.0,0.35,0
1897,3u9q,8,21.428571428571427,1.8,10.0,0.0,0.5,0
1898,3u9q,9,30.952380952380953,3.95,0.0,0.0,0.0,0
1899,3u9q,10,0.0,3.45,0.0,0.0,0.0,0
1900,3udh,1,92.20779220779221,0.2,10.0,10.0,1.0,1
1901,3udh,2,2.597402597402597,4.69,0.0,0.0,0.0,0
1902,3udh,3,6.4935064935064934,4.25,0.0,0.0,0.0,0
1903,3udh,4,19.480519480519483,3.86,0.0,0.0,0.0,0
1904,3udh,5,0.0,4.74,0.0,0.0,0.0,0
1905,3udh,6,18.181818181818183,2.1,7.0,0.0,0.35,0
1906,3udh,7,23.376623376623375,4.47,0.0,0.0,0.0,0
1907,3udh,8,11.688311688311687,3.56,0.0,0.0,0.0,0
1908,3udh,9,6.4935064935064934,3.2,0.0,0.0,0.0,0
1909,3udh,10,0.0,5.23,0.0,0.0,0.0,0
1910,3ueu,1,29.166666666666668,4.37,0.0,0.0,0.0,0
1911,3ueu,2,20.833333333333336,4.39,0.0,0.0,0.0,0
1912,3ueu,3,45.83333333333333,4.69,0.0,0.0,0.0,0
1913,3ueu,4,12.5,8.8,0.0,0.0,0.0,0
1914,3ueu,5,41.66666666666667,2.59,7.0,0.0,0.35,0
1915,3ueu,6,8.333333333333332,8.78,0.0,0.0,0.0,0
1916,3ueu,7,8.333333333333332,8.97,0.0,0.0,0.0,0
1917,3ueu,8,54.166666666666664,1.76,10.0,0.0,0.5,0
1918,3ueu,9,25.0,2.19,7.0,0.0,0.35,0
1919,3ueu,10,0.0,8.73,0.0,0.0,0.0,0
1920,3uev,1,62.7906976744186,1.7,10.0,0.0,0.5,0
1921,3uev,2,48.837209302325576,2.19,7.0,0.0,0.35,0
1922,3uev,3,53.48837209302325,1.75,10.0,0.0,0.5,0
1923,3uev,4,0.0,10.16,0.0,0.0,0.0,0
1924,3uev,5,16.27906976744186,2.78,7.0,0.0,0.35,0
1925,3uev,6,23.25581395348837,3.24,0.0,0.0,0.0,0
1926,3uev,7,25.581395348837212,3.13,0.0,0.0,0.0,0
1927,3uev,8,4.651162790697675,9.77,0.0,0.0,0.0,0
1928,3uev,9,13.953488372093023,3.54,0.0,0.0,0.0,0
1929,3uev,10,0.0,9.62,0.0,0.0,0.0,0
1930,3uew,1,25.0,4.29,0.0,0.0,0.0,0
1931,3uew,2,19.444444444444446,2.48,7.0,0.0,0.35,0
1932,3uew,3,30.555555555555557,3.13,0.0,0.0,0.0,0
1933,3uew,4,2.777777777777777,11.41,0.0,0.0,0.0,0
1934,3uew,5,8.333333333333332,11.01,0.0,0.0,0.0,0
1935,3uew,6,33.33333333333333,2.05,7.0,0.0,0.35,0
1936,3uew,7,25.0,2.74,7.0,0.0,0.35,0
1937,3uew,8,41.66666666666667,1.72,10.0,0.0,0.5,0
1938,3uew,9,8.333333333333332,5.33,0.0,0.0,0.0,0
1939,3uew,10,0.0,3.08,0.0,0.0,0.0,0
1940,3uex,1,13.88888888888889,4.28,0.0,0.0,0.0,0
1941,3uex,2,22.22222222222222,4.13,0.0,0.0,0.0,0
1942,3uex,3,30.555555555555557,4.63,0.0,0.0,0.0,0
1943,3uex,4,22.22222222222222,3.2,0.0,0.0,0.0,0
1944,3uex,5,27.77777777777778,4.0,0.0,0.0,0.0,0
1945,3uex,6,2.777777777777777,10.81,0.0,0.0,0.0,0
1946,3uex,7,0.0,11.45,0.0,0.0,0.0,0
1947,3uex,8,0.0,10.96,0.0,0.0,0.0,0
1948,3uex,9,0.0,11.42,0.0,0.0,0.0,0
1949,3uex,10,0.0,11.18,0.0,0.0,0.0,0
1950,3ui7,1,85.91549295774648,0.46,10.0,10.0,1.0,1
1951,3ui7,2,12.676056338028168,3.79,0.0,0.0,0.0,0
1952,3ui7,3,1.408450704225352,4.9,0.0,0.0,0.0,0
1953,3ui7,4,7.042253521126761,5.5,0.0,0.0,0.0,0
1954,3ui7,5,1.408450704225352,8.38,0.0,0.0,0.0,0
1955,3ui7,6,5.633802816901409,4.99,0.0,0.0,0.0,0
1956,3ui7,7,25.352112676056336,2.44,7.0,0.0,0.35,0
1957,3ui7,8,11.267605633802818,5.32,0.0,0.0,0.0,0
1958,3ui7,9,0.0,8.41,0.0,0.0,0.0,0
1959,3ui7,10,0.0,5.95,0.0,0.0,0.0,0
1960,3uo4,1,4.25531914893617,8.68,0.0,0.0,0.0,0
1961,3uo4,2,4.25531914893617,8.72,0.0,0.0,0.0,0
1962,3uo4,3,47.87234042553192,2.02,7.0,0.0,0.35,0
1963,3uo4,4,54.25531914893617,3.05,0.0,0.0,0.0,0
1964,3uo4,5,64.8936170212766,0.67,10.0,0.0,0.5,0
1965,3uo4,6,1.063829787234042,8.1,0.0,0.0,0.0,0
1966,3uo4,7,8.51063829787234,8.18,0.0,0.0,0.0,0
1967,3uo4,8,1.063829787234042,5.84,0.0,0.0,0.0,0
1968,3uo4,9,4.25531914893617,8.35,0.0,0.0,0.0,0
1969,3uo4,10,0.0,6.2,0.0,0.0,0.0,0
1970,3up2,1,69.47368421052632,2.63,7.0,0.0,0.35,0
1971,3up2,2,68.42105263157895,2.58,7.0,0.0,0.35,0
1972,3up2,3,66.3157894736842,2.35,7.0,0.0,0.35,0
1973,3up2,4,68.42105263157895,0.86,10.0,0.0,0.5,0
1974,3up2,5,2.105263157894736,7.77,0.0,0.0,0.0,0
1975,3up2,6,1.052631578947368,8.35,0.0,0.0,0.0,0
1976,3up2,7,9.473684210526317,8.37,0.0,0.0,0.0,0
1977,3up2,8,6.315789473684211,5.68,0.0,0.0,0.0,0
1978,3up2,9,3.157894736842105,5.8,0.0,0.0,0.0,0
1979,3up2,10,0.0,6.42,0.0,0.0,0.0,0
1980,3utu,1,54.67289719626168,1.06,10.0,0.0,0.5,0
1981,3utu,2,69.1588785046729,4.34,0.0,0.0,0.0,0
1982,3utu,3,66.35514018691589,5.38,0.0,0.0,0.0,0
1983,3utu,4,76.16822429906543,2.65,7.0,7.0,0.7,1
1984,3utu,5,57.009345794392516,4.22,0.0,0.0,0.0,0
1985,3utu,6,53.73831775700935,1.5,10.0,0.0,0.5,0
1986,3utu,7,55.140186915887845,2.92,7.0,0.0,0.35,0
1987,3utu,8,50.93457943925234,2.97,7.0,0.0,0.35,0
1988,3utu,9,52.80373831775701,2.61,7.0,0.0,0.35,0
1989,3utu,10,0.0,3.71,0.0,0.0,0.0,0
1990,3uuo,1,73.33333333333333,0.52,10.0,7.0,0.85,1
1991,3uuo,2,6.666666666666667,3.74,0.0,0.0,0.0,0
1992,3uuo,3,0.0,6.16,0.0,0.0,0.0,0
1993,3uuo,4,0.0,8.35,0.0,0.0,0.0,0
1994,3uuo,5,0.0,8.77,0.0,0.0,0.0,0
1995,3uuo,6,24.444444444444443,5.79,0.0,0.0,0.0,0
1996,3uuo,7,0.0,6.49,0.0,0.0,0.0,0
1997,3uuo,8,15.555555555555555,4.97,0.0,0.0,0.0,0
1998,3uuo,9,0.0,7.83,0.0,0.0,0.0,0
1999,3uuo,10,0.0,8.58,0.0,0.0,0.0,0
2000,3wtj,1,49.29577464788733,,,0.0,,0
2001,3wtj,2,87.32394366197182,,,10.0,,0
2002,3wtj,3,5.633802816901409,,,0.0,,0
2003,3wtj,4,7.042253521126761,,,0.0,,0
2004,3wtj,5,7.042253521126761,,,0.0,,0
2005,3wtj,6,14.084507042253522,,,0.0,,0
2006,3wtj,7,12.676056338028168,,,0.0,,0
2007,3wtj,8,30.985915492957744,2.67,7.0,0.0,0.35,0
2008,3wtj,9,4.225352112676056,,,0.0,,0
2009,3wtj,10,0.0,,,0.0,,0
2010,3wz8,1,68.62745098039215,1.88,10.0,0.0,0.5,0
2011,3wz8,2,65.68627450980392,0.56,10.0,0.0,0.5,0
2012,3wz8,3,7.8431372549019605,8.6,0.0,0.0,0.0,0
2013,3wz8,4,4.901960784313726,5.91,0.0,0.0,0.0,0
2014,3wz8,5,2.941176470588235,6.81,0.0,0.0,0.0,0
2015,3wz8,6,5.88235294117647,6.03,0.0,0.0,0.0,0
2016,3wz8,7,11.76470588235294,7.8,0.0,0.0,0.0,0
2017,3wz8,8,3.9215686274509802,8.67,0.0,0.0,0.0,0
2018,3wz8,9,8.823529411764707,6.76,0.0,0.0,0.0,0
2019,3wz8,10,0.0,8.73,0.0,0.0,0.0,0
2020,3zdg,1,69.49152542372882,0.54,10.0,0.0,0.5,0
2021,3zdg,2,59.32203389830508,1.41,10.0,0.0,0.5,0
2022,3zdg,3,27.11864406779661,2.38,7.0,0.0,0.35,0
2023,3zdg,4,16.94915254237288,2.74,7.0,0.0,0.35,0
2024,3zdg,5,20.33898305084746,2.58,7.0,0.0,0.35,0
2025,3zdg,6,22.033898305084744,4.99,0.0,0.0,0.0,0
2026,3zdg,7,11.864406779661017,5.22,0.0,0.0,0.0,0
2027,3zdg,8,6.779661016949152,5.55,0.0,0.0,0.0,0
2028,3zdg,9,10.16949152542373,5.33,0.0,0.0,0.0,0
2029,3zdg,10,0.0,2.3,7.0,0.0,0.35,0
2030,3zso,1,74.81481481481481,0.72,10.0,7.0,0.85,1
2031,3zso,2,20.74074074074074,5.5,0.0,0.0,0.0,0
2032,3zso,3,38.51851851851852,2.68,7.0,0.0,0.35,0
2033,3zso,4,57.77777777777777,3.2,0.0,0.0,0.0,0
2034,3zso,5,40.0,2.25,7.0,0.0,0.35,0
2035,3zso,6,0.0,7.99,0.0,0.0,0.0,0
2036,3zso,7,20.0,6.09,0.0,0.0,0.0,0
2037,3zso,8,31.851851851851855,4.76,0.0,0.0,0.0,0
2038,3zso,9,44.44444444444444,2.95,7.0,0.0,0.35,0
2039,3zso,10,0.0,4.78,0.0,0.0,0.0,0
2040,3zsx,1,27.027027027027028,5.41,0.0,0.0,0.0,0
2041,3zsx,2,45.04504504504504,4.62,0.0,0.0,0.0,0
2042,3zsx,3,50.45045045045045,2.08,7.0,0.0,0.35,0
2043,3zsx,4,43.24324324324324,4.72,0.0,0.0,0.0,0
2044,3zsx,5,42.34234234234234,3.66,0.0,0.0,0.0,0
2045,3zsx,6,37.83783783783784,4.69,0.0,0.0,0.0,0
2046,3zsx,7,50.45045045045045,4.6,0.0,0.0,0.0,0
2047,3zsx,8,45.04504504504504,4.33,0.0,0.0,0.0,0
2048,3zsx,9,69.36936936936937,0.98,10.0,0.0,0.5,0
2049,3zsx,10,0.0,4.22,0.0,0.0,0.0,0
2050,3zt2,1,71.27659574468085,0.53,10.0,7.0,0.85,1
2051,3zt2,2,22.340425531914892,4.42,0.0,0.0,0.0,0
2052,3zt2,3,28.723404255319153,3.9,0.0,0.0,0.0,0
2053,3zt2,4,13.829787234042554,4.79,0.0,0.0,0.0,0
2054,3zt2,5,11.702127659574469,4.38,0.0,0.0,0.0,0
2055,3zt2,6,1.063829787234042,6.73,0.0,0.0,0.0,0
2056,3zt2,7,6.382978723404255,4.11,0.0,0.0,0.0,0
2057,3zt2,8,7.446808510638298,5.49,0.0,0.0,0.0,0
2058,3zt2,9,34.04255319148936,4.97,0.0,0.0,0.0,0
2059,3zt2,10,0.0,4.42,0.0,0.0,0.0,0
2060,4abg,1,63.38028169014085,0.56,10.0,0.0,0.5,0
2061,4abg,2,81.69014084507043,0.99,10.0,10.0,1.0,1
2062,4abg,3,14.084507042253522,3.82,0.0,0.0,0.0,0
2063,4abg,4,2.816901408450704,5.88,0.0,0.0,0.0,0
2064,4abg,5,5.633802816901409,5.8,0.0,0.0,0.0,0
2065,4abg,6,43.66197183098591,1.18,10.0,0.0,0.5,0
2066,4abg,7,11.267605633802818,2.91,7.0,0.0,0.35,0
2067,4abg,8,7.042253521126761,3.95,0.0,0.0,0.0,0
2068,4abg,9,1.408450704225352,7.48,0.0,0.0,0.0,0
2069,4abg,10,0.0,5.67,0.0,0.0,0.0,0
2070,4agn,1,59.45945945945946,4.49,0.0,0.0,0.0,0
2071,4agn,2,66.21621621621621,1.24,10.0,0.0,0.5,0
2072,4agn,3,60.810810810810814,5.18,0.0,0.0,0.0,0
2073,4agn,4,64.86486486486487,2.04,7.0,0.0,0.35,0
2074,4agn,5,43.24324324324324,2.18,7.0,0.0,0.35,0
2075,4agn,6,59.45945945945946,5.28,0.0,0.0,0.0,0
2076,4agn,7,1.351351351351351,8.16,0.0,0.0,0.0,0
2077,4agn,8,16.216216216216218,3.28,0.0,0.0,0.0,0
2078,4agn,9,5.405405405405405,4.29,0.0,0.0,0.0,0
2079,4agn,10,0.0,5.92,0.0,0.0,0.0,0
2080,4agp,1,57.74647887323944,4.09,0.0,0.0,0.0,0
2081,4agp,2,61.97183098591549,2.66,7.0,0.0,0.35,0
2082,4agp,3,56.33802816901409,4.56,0.0,0.0,0.0,0
2083,4agp,4,60.56338028169014,1.53,10.0,0.0,0.5,0
2084,4agp,5,53.52112676056338,4.41,0.0,0.0,0.0,0
2085,4agp,6,22.535211267605636,2.97,7.0,0.0,0.35,0
2086,4agp,7,56.33802816901409,2.24,7.0,0.0,0.35,0
2087,4agp,8,14.084507042253522,3.56,0.0,0.0,0.0,0
2088,4agp,9,0.0,6.47,0.0,0.0,0.0,0
2089,4agp,10,0.0,6.37,0.0,0.0,0.0,0
2090,4agq,1,50.70422535211267,4.42,0.0,0.0,0.0,0
2091,4agq,2,47.88732394366197,4.37,0.0,0.0,0.0,0
2092,4agq,3,52.112676056338024,4.12,0.0,0.0,0.0,0
2093,4agq,4,63.38028169014085,1.97,10.0,0.0,0.5,0
2094,4agq,5,67.6056338028169,1.24,10.0,0.0,0.5,0
2095,4agq,6,56.33802816901409,2.35,7.0,0.0,0.35,0
2096,4agq,7,18.30985915492958,2.93,7.0,0.0,0.35,0
2097,4agq,8,8.450704225352112,3.53,0.0,0.0,0.0,0
2098,4agq,9,0.0,6.6,0.0,0.0,0.0,0
2099,4agq,10,0.0,6.25,0.0,0.0,0.0,0
2100,4bkt,1,89.375,0.52,10.0,10.0,1.0,1
2101,4bkt,2,62.5,3.21,0.0,0.0,0.0,0
2102,4bkt,3,20.625,7.17,0.0,0.0,0.0,0
2103,4bkt,4,5.0,5.89,0.0,0.0,0.0,0
2104,4bkt,5,2.5,6.61,0.0,0.0,0.0,0
2105,4bkt,6,6.25,6.6,0.0,0.0,0.0,0
2106,4bkt,7,4.375,5.68,0.0,0.0,0.0,0
2107,4bkt,8,5.0,6.2,0.0,0.0,0.0,0
2108,4bkt,9,15.625,6.51,0.0,0.0,0.0,0
2109,4bkt,10,0.0,5.13,0.0,0.0,0.0,0
2110,4cig,1,25.0,6.3,0.0,0.0,0.0,0
2111,4cig,2,60.22727272727273,0.61,10.0,0.0,0.5,0
2112,4cig,3,11.363636363636363,6.18,0.0,0.0,0.0,0
2113,4cig,4,5.681818181818182,5.73,0.0,0.0,0.0,0
2114,4cig,5,0.0,6.45,0.0,0.0,0.0,0
2115,4cig,6,5.681818181818182,4.78,0.0,0.0,0.0,0
2116,4cig,7,31.818181818181817,6.35,0.0,0.0,0.0,0
2117,4cig,8,2.272727272727273,7.48,0.0,0.0,0.0,0
2118,4cig,9,0.0,5.84,0.0,0.0,0.0,0
2119,4cig,10,0.0,6.75,0.0,0.0,0.0,0
2120,4ciw,1,85.49618320610686,0.38,10.0,10.0,1.0,1
2121,4ciw,2,16.412213740458014,3.7,0.0,0.0,0.0,0
2122,4ciw,3,57.63358778625955,1.62,10.0,0.0,0.5,0
2123,4ciw,4,11.450381679389313,4.91,0.0,0.0,0.0,0
2124,4ciw,5,4.580152671755725,7.63,0.0,0.0,0.0,0
2125,4ciw,6,3.053435114503816,5.77,0.0,0.0,0.0,0
2126,4ciw,7,0.0,,,0.0,,0
2127,4ciw,8,0.0,,,0.0,,0
2128,4ciw,9,0.0,,,0.0,,0
2129,4ciw,10,0.0,,,0.0,,0
2130,4cr9,1,3.409090909090908,4.75,0.0,0.0,0.0,0
2131,4cr9,2,62.5,0.68,10.0,0.0,0.5,0
2132,4cr9,3,44.31818181818182,2.02,7.0,0.0,0.35,0
2133,4cr9,4,4.545454545454546,5.02,0.0,0.0,0.0,0
2134,4cr9,5,18.181818181818183,3.32,0.0,0.0,0.0,0
2135,4cr9,6,18.181818181818183,4.54,0.0,0.0,0.0,0
2136,4cr9,7,5.681818181818182,2.99,7.0,0.0,0.35,0
2137,4cr9,8,12.5,4.02,0.0,0.0,0.0,0
2138,4cr9,9,9.090909090909092,3.1,0.0,0.0,0.0,0
2139,4cr9,10,0.0,2.86,7.0,0.0,0.35,0
2140,4cra,1,76.78571428571429,0.38,10.0,7.0,0.85,1
2141,4cra,2,36.607142857142854,7.25,0.0,0.0,0.0,0
2142,4cra,3,3.571428571428571,9.26,0.0,0.0,0.0,0
2143,4cra,4,6.25,10.06,0.0,0.0,0.0,0
2144,4cra,5,7.142857142857142,10.22,0.0,0.0,0.0,0
2145,4cra,6,37.5,4.98,0.0,0.0,0.0,0
2146,4cra,7,2.678571428571428,9.3,0.0,0.0,0.0,0
2147,4cra,8,13.392857142857142,10.15,0.0,0.0,0.0,0
2148,4cra,9,34.82142857142857,4.88,0.0,0.0,0.0,0
2149,4cra,10,0.0,6.48,0.0,0.0,0.0,0
2150,4crc,1,77.95275590551181,0.51,10.0,7.0,0.85,1
2151,4crc,2,71.65354330708661,2.38,7.0,7.0,0.7,1
2152,4crc,3,0.7874015748031491,9.05,0.0,0.0,0.0,0
2153,4crc,4,1.574803149606299,9.93,0.0,0.0,0.0,0
2154,4crc,5,1.574803149606299,10.34,0.0,0.0,0.0,0
2155,4crc,6,0.0,9.47,0.0,0.0,0.0,0
2156,4crc,7,39.37007874015748,2.89,7.0,0.0,0.35,0
2157,4crc,8,0.0,9.92,0.0,0.0,0.0,0
2158,4crc,9,1.574803149606299,10.46,0.0,0.0,0.0,0
2159,4crc,10,0.0,7.27,0.0,0.0,0.0,0
2160,4ddh,1,50.0,1.42,10.0,0.0,0.5,0
2161,4ddh,2,13.793103448275861,3.9,0.0,0.0,0.0,0
2162,4ddh,3,3.448275862068965,5.65,0.0,0.0,0.0,0
2163,4ddh,4,8.620689655172415,3.7,0.0,0.0,0.0,0
2164,4ddh,5,12.068965517241379,5.63,0.0,0.0,0.0,0
2165,4ddh,6,10.344827586206897,5.47,0.0,0.0,0.0,0
2166,4ddh,7,0.0,5.72,0.0,0.0,0.0,0
2167,4ddh,8,10.344827586206897,3.4,0.0,0.0,0.0,0
2168,4ddh,9,8.620689655172415,4.26,0.0,0.0,0.0,0
2169,4ddh,10,0.0,,,0.0,,0
2170,4ddk,1,2.17391304347826,4.74,0.0,0.0,0.0,0
2171,4ddk,2,23.91304347826087,4.21,0.0,0.0,0.0,0
2172,4ddk,3,54.347826086956516,1.05,10.0,0.0,0.5,0
2173,4ddk,4,21.73913043478261,1.94,10.0,0.0,0.5,0
2174,4ddk,5,0.0,4.12,0.0,0.0,0.0,0
2175,4ddk,6,10.869565217391305,4.37,0.0,0.0,0.0,0
2176,4ddk,7,4.347826086956521,4.46,0.0,0.0,0.0,0
2177,4ddk,8,4.347826086956521,2.91,7.0,0.0,0.35,0
2178,4ddk,9,23.91304347826087,2.68,7.0,0.0,0.35,0
2179,4ddk,10,0.0,4.04,0.0,0.0,0.0,0
2180,4de1,1,58.86075949367089,1.1,10.0,0.0,0.5,0
2181,4de1,2,68.35443037974683,0.41,10.0,0.0,0.5,0
2182,4de1,3,54.43037974683544,1.82,10.0,0.0,0.5,0
2183,4de1,4,41.139240506329116,2.09,7.0,0.0,0.35,0
2184,4de1,5,24.050632911392405,1.67,10.0,0.0,0.5,0
2185,4de1,6,25.31645569620253,4.49,0.0,0.0,0.0,0
2186,4de1,7,7.59493670886076,4.5,0.0,0.0,0.0,0
2187,4de1,8,1.265822784810126,9.17,0.0,0.0,0.0,0
2188,4de1,9,5.063291139240507,8.54,0.0,0.0,0.0,0
2189,4de1,10,0.0,8.47,0.0,0.0,0.0,0
2190,4de2,1,86.9281045751634,0.45,10.0,10.0,1.0,1
2191,4de2,2,47.05882352941176,1.19,10.0,0.0,0.5,0
2192,4de2,3,59.47712418300654,1.01,10.0,0.0,0.5,0
2193,4de2,4,2.61437908496732,8.55,0.0,0.0,0.0,0
2194,4de2,5,52.94117647058824,3.25,0.0,0.0,0.0,0
2195,4de2,6,11.76470588235294,3.83,0.0,0.0,0.0,0
2196,4de2,7,37.254901960784316,4.43,0.0,0.0,0.0,0
2197,4de2,8,5.88235294117647,9.23,0.0,0.0,0.0,0
2198,4de2,9,10.457516339869281,4.41,0.0,0.0,0.0,0
2199,4de2,10,0.0,9.14,0.0,0.0,0.0,0
2200,4de3,1,6.040268456375839,8.26,0.0,0.0,0.0,0
2201,4de3,2,87.91946308724832,0.43,10.0,10.0,1.0,1
2202,4de3,3,10.738255033557047,3.93,0.0,0.0,0.0,0
2203,4de3,4,56.375838926174495,1.87,10.0,0.0,0.5,0
2204,4de3,5,44.966442953020135,1.79,10.0,0.0,0.5,0
2205,4de3,6,48.322147651006716,3.19,0.0,0.0,0.0,0
2206,4de3,7,7.38255033557047,5.29,0.0,0.0,0.0,0
2207,4de3,8,5.369127516778524,4.29,0.0,0.0,0.0,0
2208,4de3,9,6.7114093959731544,8.38,0.0,0.0,0.0,0
2209,4de3,10,0.0,7.43,0.0,0.0,0.0,0
2210,4djv,1,72.51908396946564,0.32,10.0,7.0,0.85,1
2211,4djv,2,50.38167938931297,1.84,10.0,0.0,0.5,0
2212,4djv,3,12.977099236641221,5.68,0.0,0.0,0.0,0
2213,4djv,4,0.763358778625954,7.54,0.0,0.0,0.0,0
2214,4djv,5,53.43511450381679,2.52,7.0,0.0,0.35,0
2215,4djv,6,0.0,7.75,0.0,0.0,0.0,0
2216,4djv,7,3.053435114503816,8.66,0.0,0.0,0.0,0
2217,4djv,8,0.0,6.19,0.0,0.0,0.0,0
2218,4djv,9,3.816793893129771,8.08,0.0,0.0,0.0,0
2219,4djv,10,0.0,7.45,0.0,0.0,0.0,0
2220,4dld,1,83.42541436464089,0.65,10.0,10.0,1.0,1
2221,4dld,2,38.67403314917127,4.43,0.0,0.0,0.0,0
2222,4dld,3,13.259668508287293,5.46,0.0,0.0,0.0,0
2223,4dld,4,1.104972375690607,7.3,0.0,0.0,0.0,0
2224,4dld,5,48.06629834254144,3.43,0.0,0.0,0.0,0
2225,4dld,6,13.259668508287293,6.78,0.0,0.0,0.0,0
2226,4dld,7,1.657458563535911,6.62,0.0,0.0,0.0,0
2227,4dld,8,11.602209944751381,5.46,0.0,0.0,0.0,0
2228,4dld,9,7.734806629834254,5.99,0.0,0.0,0.0,0
2229,4dld,10,0.0,6.18,0.0,0.0,0.0,0
2230,4dli,1,74.19354838709677,0.47,10.0,7.0,0.85,1
2231,4dli,2,6.451612903225806,5.63,0.0,0.0,0.0,0
2232,4dli,3,47.31182795698925,1.74,10.0,0.0,0.5,0
2233,4dli,4,0.0,6.31,0.0,0.0,0.0,0
2234,4dli,5,20.43010752688172,4.87,0.0,0.0,0.0,0
2235,4dli,6,12.903225806451612,4.44,0.0,0.0,0.0,0
2236,4dli,7,43.01075268817204,4.17,0.0,0.0,0.0,0
2237,4dli,8,0.0,5.77,0.0,0.0,0.0,0
2238,4dli,9,35.483870967741936,1.8,10.0,0.0,0.5,0
2239,4dli,10,0.0,9.02,0.0,0.0,0.0,0
2240,4e5w,1,90.2654867256637,0.19,10.0,10.0,1.0,1
2241,4e5w,2,67.2566371681416,1.1,10.0,0.0,0.5,0
2242,4e5w,3,19.469026548672566,3.03,0.0,0.0,0.0,0
2243,4e5w,4,56.63716814159292,2.17,7.0,0.0,0.35,0
2244,4e5w,5,20.353982300884958,3.51,0.0,0.0,0.0,0
2245,4e5w,6,0.0,,,0.0,,0
2246,4e5w,7,0.0,,,0.0,,0
2247,4e5w,8,0.0,,,0.0,,0
2248,4e5w,9,0.0,,,0.0,,0
2249,4e5w,10,0.0,,,0.0,,0
2250,4e6q,1,55.932203389830505,0.78,10.0,0.0,0.5,0
2251,4e6q,2,20.33898305084746,2.81,7.0,0.0,0.35,0
2252,4e6q,3,67.79661016949152,1.07,10.0,0.0,0.5,0
2253,4e6q,4,1.694915254237288,8.3,0.0,0.0,0.0,0
2254,4e6q,5,16.94915254237288,3.02,0.0,0.0,0.0,0
2255,4e6q,6,15.254237288135593,4.37,0.0,0.0,0.0,0
2256,4e6q,7,5.084745762711865,8.71,0.0,0.0,0.0,0
2257,4e6q,8,47.45762711864407,2.84,7.0,0.0,0.35,0
2258,4e6q,9,11.864406779661017,4.52,0.0,0.0,0.0,0
2259,4e6q,10,0.0,7.77,0.0,0.0,0.0,0
2260,4ea2,1,22.950819672131146,2.06,7.0,0.0,0.35,0
2261,4ea2,2,21.311475409836063,2.04,7.0,0.0,0.35,0
2262,4ea2,3,16.39344262295082,2.05,7.0,0.0,0.35,0
2263,4ea2,4,24.59016393442623,1.77,10.0,0.0,0.5,0
2264,4ea2,5,9.836065573770492,2.6,7.0,0.0,0.35,0
2265,4ea2,6,14.754098360655737,2.73,7.0,0.0,0.35,0
2266,4ea2,7,14.754098360655737,2.77,7.0,0.0,0.35,0
2267,4ea2,8,18.0327868852459,3.04,0.0,0.0,0.0,0
2268,4ea2,9,11.475409836065573,5.64,0.0,0.0,0.0,0
2269,4ea2,10,0.0,3.54,0.0,0.0,0.0,0
2270,4eky,1,75.4601226993865,,,7.0,,0
2271,4eky,2,34.96932515337423,,,0.0,,0
2272,4eky,3,10.429447852760736,7.74,0.0,0.0,0.0,0
2273,4eky,4,26.993865030674847,3.25,0.0,0.0,0.0,0
2274,4eky,5,7.975460122699387,,,0.0,,0
2275,4eky,6,1.840490797546012,9.61,0.0,0.0,0.0,0
2276,4eky,7,28.834355828220858,,,0.0,,0
2277,4eky,8,0.0,,,0.0,,0
2278,4eky,9,0.0,,,0.0,,0
2279,4eky,10,0.0,,,0.0,,0
2280,4eo8,1,63.1578947368421,0.44,10.0,0.0,0.5,0
2281,4eo8,2,14.035087719298245,4.13,0.0,0.0,0.0,0
2282,4eo8,3,19.298245614035086,4.16,0.0,0.0,0.0,0
2283,4eo8,4,12.280701754385964,4.86,0.0,0.0,0.0,0
2284,4eo8,5,19.298245614035086,6.69,0.0,0.0,0.0,0
2285,4eo8,6,7.017543859649122,7.8,0.0,0.0,0.0,0
2286,4eo8,7,35.08771929824561,4.63,0.0,0.0,0.0,0
2287,4eo8,8,1.75438596491228,8.87,0.0,0.0,0.0,0
2288,4eo8,9,14.035087719298245,3.09,0.0,0.0,0.0,0
2289,4eo8,10,0.0,,,0.0,,0
2290,4eor,1,14.545454545454545,4.34,0.0,0.0,0.0,0
2291,4eor,2,74.54545454545455,1.16,10.0,7.0,0.85,1
2292,4eor,3,7.272727272727272,4.94,0.0,0.0,0.0,0
2293,4eor,4,6.363636363636363,4.92,0.0,0.0,0.0,0
2294,4eor,5,18.181818181818183,6.54,0.0,0.0,0.0,0
2295,4eor,6,2.727272727272727,6.27,0.0,0.0,0.0,0
2296,4eor,7,1.818181818181818,8.26,0.0,0.0,0.0,0
2297,4eor,8,7.272727272727272,5.53,0.0,0.0,0.0,0
2298,4eor,9,1.818181818181818,7.55,0.0,0.0,0.0,0
2299,4eor,10,0.0,,,0.0,,0
2300,4f09,1,77.77777777777779,0.56,10.0,7.0,0.85,1
2301,4f09,2,20.634920634920633,3.63,0.0,0.0,0.0,0
2302,4f09,3,42.857142857142854,1.52,10.0,0.0,0.5,0
2303,4f09,4,23.809523809523807,3.39,0.0,0.0,0.0,0
2304,4f09,5,66.66666666666666,0.56,10.0,0.0,0.5,0
2305,4f09,6,4.761904761904762,4.64,0.0,0.0,0.0,0
2306,4f09,7,17.46031746031746,2.93,7.0,0.0,0.35,0
2307,4f09,8,25.396825396825395,3.67,0.0,0.0,0.0,0
2308,4f09,9,4.761904761904762,3.6,0.0,0.0,0.0,0
2309,4f09,10,0.0,5.87,0.0,0.0,0.0,0
2310,4f2w,1,81.76100628930818,0.24,10.0,10.0,1.0,1
2311,4f2w,2,0.0,,,0.0,,0
2312,4f2w,3,38.9937106918239,2.19,7.0,0.0,0.35,0
2313,4f2w,4,24.528301886792452,2.05,7.0,0.0,0.35,0
2314,4f2w,5,23.270440251572328,2.26,7.0,0.0,0.35,0
2315,4f2w,6,2.515723270440252,6.0,0.0,0.0,0.0,0
2316,4f2w,7,51.57232704402516,2.8,7.0,0.0,0.35,0
2317,4f2w,8,1.886792452830188,6.39,0.0,0.0,0.0,0
2318,4f2w,9,3.773584905660377,5.93,0.0,0.0,0.0,0
2319,4f2w,10,0.0,5.91,0.0,0.0,0.0,0
2320,4f3c,1,82.31292517006803,0.31,10.0,10.0,1.0,1
2321,4f3c,2,0.0,,,0.0,,0
2322,4f3c,3,40.816326530612244,2.09,7.0,0.0,0.35,0
2323,4f3c,4,1.3605442176870741,5.66,0.0,0.0,0.0,0
2324,4f3c,5,5.442176870748299,7.36,0.0,0.0,0.0,0
2325,4f3c,6,0.6802721088435371,8.68,0.0,0.0,0.0,0
2326,4f3c,7,3.401360544217687,9.15,0.0,0.0,0.0,0
2327,4f3c,8,6.802721088435375,8.41,0.0,0.0,0.0,0
2328,4f3c,9,2.040816326530612,8.83,0.0,0.0,0.0,0
2329,4f3c,10,0.0,5.67,0.0,0.0,0.0,0
2330,4f9w,1,75.67567567567568,0.39,10.0,7.0,0.85,1
2331,4f9w,2,20.27027027027027,3.93,0.0,0.0,0.0,0
2332,4f9w,3,36.486486486486484,2.18,7.0,0.0,0.35,0
2333,4f9w,4,5.405405405405405,4.29,0.0,0.0,0.0,0
2334,4f9w,5,2.702702702702702,5.78,0.0,0.0,0.0,0
2335,4f9w,6,6.756756756756757,5.26,0.0,0.0,0.0,0
2336,4f9w,7,2.702702702702702,4.98,0.0,0.0,0.0,0
2337,4f9w,8,2.702702702702702,5.87,0.0,0.0,0.0,0
2338,4f9w,9,0.0,7.71,0.0,0.0,0.0,0
2339,4f9w,10,0.0,,,0.0,,0
2340,4gfm,1,0.0,6.33,0.0,0.0,0.0,0
2341,4gfm,2,1.5625,6.32,0.0,0.0,0.0,0
2342,4gfm,3,1.5625,6.72,0.0,0.0,0.0,0
2343,4gfm,4,0.0,6.73,0.0,0.0,0.0,0
2344,4gfm,5,1.5625,6.53,0.0,0.0,0.0,0
2345,4gfm,6,3.125,6.54,0.0,0.0,0.0,0
2346,4gfm,7,17.1875,2.34,7.0,0.0,0.35,0
2347,4gfm,8,23.4375,2.19,7.0,0.0,0.35,0
2348,4gfm,9,23.4375,1.7,10.0,0.0,0.5,0
2349,4gfm,10,0.0,,,0.0,,0
2350,4gid,1,75.0,0.46,10.0,7.0,0.85,1
2351,4gid,2,53.57142857142857,2.44,7.0,0.0,0.35,0
2352,4gid,3,50.0,1.99,10.0,0.0,0.5,0
2353,4gid,4,6.63265306122449,10.82,0.0,0.0,0.0,0
2354,4gid,5,5.10204081632653,10.24,0.0,0.0,0.0,0
2355,4gid,6,0.0,,,0.0,,0
2356,4gid,7,48.46938775510204,3.37,0.0,0.0,0.0,0
2357,4gid,8,7.653061224489796,10.28,0.0,0.0,0.0,0
2358,4gid,9,35.714285714285715,2.35,7.0,0.0,0.35,0
2359,4gid,10,0.0,,,0.0,,0
2360,4gkm,1,17.91044776119403,5.8,0.0,0.0,0.0,0
2361,4gkm,2,20.8955223880597,4.42,0.0,0.0,0.0,0
2362,4gkm,3,14.925373134328357,5.59,0.0,0.0,0.0,0
2363,4gkm,4,34.32835820895522,7.07,0.0,0.0,0.0,0
2364,4gkm,5,80.59701492537313,0.53,10.0,10.0,1.0,1
2365,4gkm,6,11.940298507462686,7.43,0.0,0.0,0.0,0
2366,4gkm,7,11.940298507462686,5.53,0.0,0.0,0.0,0
2367,4gkm,8,20.8955223880597,7.03,0.0,0.0,0.0,0
2368,4gkm,9,7.462686567164178,6.94,0.0,0.0,0.0,0
2369,4gkm,10,0.0,,,0.0,,0
2370,4gr0,1,40.0,2.28,7.0,0.0,0.35,0
2371,4gr0,2,70.0,1.24,10.0,7.0,0.85,1
2372,4gr0,3,60.62499999999999,1.44,10.0,0.0,0.5,0
2373,4gr0,4,29.375,7.67,0.0,0.0,0.0,0
2374,4gr0,5,20.625,7.23,0.0,0.0,0.0,0
2375,4gr0,6,40.0,1.83,10.0,0.0,0.5,0
2376,4gr0,7,20.0,6.5,0.0,0.0,0.0,0
2377,4gr0,8,46.875,2.7,7.0,0.0,0.35,0
2378,4gr0,9,20.0,6.81,0.0,0.0,0.0,0
2379,4gr0,10,0.0,3.29,0.0,0.0,0.0,0
2380,4hge,1,52.0,1.39,10.0,0.0,0.5,0
2381,4hge,2,24.0,2.81,7.0,0.0,0.35,0
2382,4hge,3,8.0,5.84,0.0,0.0,0.0,0
2383,4hge,4,60.0,1.77,10.0,0.0,0.5,0
2384,4hge,5,16.0,5.32,0.0,0.0,0.0,0
2385,4hge,6,16.0,4.51,0.0,0.0,0.0,0
2386,4hge,7,10.666666666666668,5.49,0.0,0.0,0.0,0
2387,4hge,8,9.333333333333334,6.06,0.0,0.0,0.0,0
2388,4hge,9,4.0,6.93,0.0,0.0,0.0,0
2389,4hge,10,0.0,6.1,0.0,0.0,0.0,0
2390,4ih5,1,30.434782608695656,1.64,10.0,0.0,0.5,0
2391,4ih5,2,28.985507246376812,3.0,0.0,0.0,0.0,0
2392,4ih5,3,2.898550724637681,5.62,0.0,0.0,0.0,0
2393,4ih5,4,7.246376811594203,5.64,0.0,0.0,0.0,0
2394,4ih5,5,15.942028985507244,2.31,7.0,0.0,0.35,0
2395,4ih5,6,42.028985507246375,1.87,10.0,0.0,0.5,0
2396,4ih5,7,5.797101449275362,5.71,0.0,0.0,0.0,0
2397,4ih5,8,15.942028985507244,2.92,7.0,0.0,0.35,0
2398,4ih5,9,39.130434782608695,2.6,7.0,0.0,0.35,0
2399,4ih5,10,0.0,5.85,0.0,0.0,0.0,0
2400,4ih7,1,72.91666666666666,0.41,10.0,7.0,0.85,1
2401,4ih7,2,14.583333333333334,1.93,10.0,0.0,0.5,0
2402,4ih7,3,4.166666666666666,4.55,0.0,0.0,0.0,0
2403,4ih7,4,16.666666666666664,4.56,0.0,0.0,0.0,0
2404,4ih7,5,10.416666666666668,3.85,0.0,0.0,0.0,0
2405,4ih7,6,6.25,6.15,0.0,0.0,0.0,0
2406,4ih7,7,8.333333333333332,4.91,0.0,0.0,0.0,0
2407,4ih7,8,6.25,5.9,0.0,0.0,0.0,0
2408,4ih7,9,16.666666666666664,5.71,0.0,0.0,0.0,0
2409,4ih7,10,0.0,5.2,0.0,0.0,0.0,0
2410,4ivb,1,87.83783783783784,0.28,10.0,10.0,1.0,1
2411,4ivb,2,13.513513513513514,4.2,0.0,0.0,0.0,0
2412,4ivb,3,43.24324324324324,1.86,10.0,0.0,0.5,0
2413,4ivb,4,12.162162162162163,5.49,0.0,0.0,0.0,0
2414,4ivb,5,8.108108108108109,6.53,0.0,0.0,0.0,0
2415,4ivb,6,9.45945945945946,4.59,0.0,0.0,0.0,0
2416,4ivb,7,12.162162162162163,4.23,0.0,0.0,0.0,0
2417,4ivb,8,14.864864864864865,6.58,0.0,0.0,0.0,0
2418,4ivb,9,14.864864864864865,6.07,0.0,0.0,0.0,0
2419,4ivb,10,0.0,,,0.0,,0
2420,4ivc,1,90.29126213592234,0.19,10.0,10.0,1.0,1
2421,4ivc,2,76.69902912621359,1.11,10.0,7.0,0.85,1
2422,4ivc,3,54.36893203883495,1.53,10.0,0.0,0.5,0
2423,4ivc,4,3.883495145631067,7.03,0.0,0.0,0.0,0
2424,4ivc,5,12.62135922330097,4.3,0.0,0.0,0.0,0
2425,4ivc,6,14.563106796116504,5.91,0.0,0.0,0.0,0
2426,4ivc,7,33.00970873786408,2.16,7.0,0.0,0.35,0
2427,4ivc,8,8.737864077669903,4.66,0.0,0.0,0.0,0
2428,4ivc,9,13.592233009708737,4.36,0.0,0.0,0.0,0
2429,4ivc,10,0.0,7.73,0.0,0.0,0.0,0
2430,4ivd,1,71.60493827160494,0.72,10.0,7.0,0.85,1
2431,4ivd,2,71.60493827160494,1.49,10.0,7.0,0.85,1
2432,4ivd,3,35.80246913580247,2.22,7.0,0.0,0.35,0
2433,4ivd,4,4.938271604938271,7.07,0.0,0.0,0.0,0
2434,4ivd,5,3.7037037037037033,7.75,0.0,0.0,0.0,0
2435,4ivd,6,17.28395061728395,4.09,0.0,0.0,0.0,0
2436,4ivd,7,14.814814814814813,2.88,7.0,0.0,0.35,0
2437,4ivd,8,6.172839506172839,4.64,0.0,0.0,0.0,0
2438,4ivd,9,7.407407407407406,6.98,0.0,0.0,0.0,0
2439,4ivd,10,0.0,,,0.0,,0
2440,4j21,1,90.72164948453609,0.23,10.0,10.0,1.0,1
2441,4j21,2,11.340206185567009,6.9,0.0,0.0,0.0,0
2442,4j21,3,29.896907216494846,2.51,7.0,0.0,0.35,0
2443,4j21,4,7.216494845360824,7.03,0.0,0.0,0.0,0
2444,4j21,5,72.16494845360825,1.7,10.0,7.0,0.85,1
2445,4j21,6,7.216494845360824,6.87,0.0,0.0,0.0,0
2446,4j21,7,0.0,,,0.0,,0
2447,4j21,8,0.0,,,0.0,,0
2448,4j21,9,0.0,,,0.0,,0
2449,4j21,10,0.0,,,0.0,,0
2450,4j28,1,68.38709677419355,0.98,10.0,0.0,0.5,0
2451,4j28,2,78.70967741935485,1.04,10.0,7.0,0.85,1
2452,4j28,3,41.935483870967744,1.9,10.0,0.0,0.5,0
2453,4j28,4,50.967741935483865,2.04,7.0,0.0,0.35,0
2454,4j28,5,9.032258064516128,3.08,0.0,0.0,0.0,0
2455,4j28,6,47.096774193548384,2.43,7.0,0.0,0.35,0
2456,4j28,7,34.193548387096776,3.1,0.0,0.0,0.0,0
2457,4j28,8,1.935483870967742,6.29,0.0,0.0,0.0,0
2458,4j28,9,14.838709677419354,3.21,0.0,0.0,0.0,0
2459,4j28,10,0.0,4.58,0.0,0.0,0.0,0
2460,4j3l,1,90.2654867256637,1.22,10.0,10.0,1.0,1
2461,4j3l,2,87.61061946902655,2.31,7.0,10.0,0.85,1
2462,4j3l,3,31.858407079646017,2.4,7.0,0.0,0.35,0
2463,4j3l,4,30.973451327433626,2.88,7.0,0.0,0.35,0
2464,4j3l,5,6.194690265486725,9.56,0.0,0.0,0.0,0
2465,4j3l,6,17.699115044247787,3.12,0.0,0.0,0.0,0
2466,4j3l,7,4.424778761061947,9.39,0.0,0.0,0.0,0
2467,4j3l,8,0.0,,,0.0,,0
2468,4j3l,9,0.0,,,0.0,,0
2469,4j3l,10,0.0,,,0.0,,0
2470,4jfs,1,71.42857142857143,1.01,10.0,7.0,0.85,1
2471,4jfs,2,78.57142857142857,0.9,10.0,7.0,0.85,1
2472,4jfs,3,9.523809523809524,3.66,0.0,0.0,0.0,0
2473,4jfs,4,2.380952380952381,5.02,0.0,0.0,0.0,0
2474,4jfs,5,5.9523809523809526,2.97,7.0,0.0,0.35,0
2475,4jfs,6,10.714285714285714,3.47,0.0,0.0,0.0,0
2476,4jfs,7,11.904761904761903,4.16,0.0,0.0,0.0,0
2477,4jfs,8,2.380952380952381,3.02,0.0,0.0,0.0,0
2478,4jfs,9,7.142857142857142,3.57,0.0,0.0,0.0,0
2479,4jfs,10,0.0,3.92,0.0,0.0,0.0,0
2480,4jia,1,0.0,8.74,0.0,0.0,0.0,0
2481,4jia,2,1.19047619047619,9.17,0.0,0.0,0.0,0
2482,4jia,3,1.19047619047619,8.65,0.0,0.0,0.0,0
2483,4jia,4,0.0,8.34,0.0,0.0,0.0,0
2484,4jia,5,75.0,0.76,10.0,7.0,0.85,1
2485,4jia,6,1.19047619047619,9.54,0.0,0.0,0.0,0
2486,4jia,7,8.333333333333332,8.25,0.0,0.0,0.0,0
2487,4jia,8,19.047619047619047,3.13,0.0,0.0,0.0,0
2488,4jia,9,17.857142857142858,3.13,0.0,0.0,0.0,0
2489,4jia,10,0.0,3.46,0.0,0.0,0.0,0
2490,4jsz,1,7.142857142857142,3.91,0.0,0.0,0.0,0
2491,4jsz,2,5.357142857142857,3.9,0.0,0.0,0.0,0
2492,4jsz,3,7.142857142857142,3.77,0.0,0.0,0.0,0
2493,4jsz,4,8.928571428571429,3.8,0.0,0.0,0.0,0
2494,4jsz,5,5.357142857142857,4.07,0.0,0.0,0.0,0
2495,4jsz,6,25.0,3.41,0.0,0.0,0.0,0
2496,4jsz,7,25.0,1.88,10.0,0.0,0.5,0
2497,4jsz,8,21.428571428571427,1.91,10.0,0.0,0.5,0
2498,4jsz,9,28.57142857142857,2.6,7.0,0.0,0.35,0
2499,4jsz,10,0.0,1.88,10.0,0.0,0.5,0
2500,4jxs,1,43.08943089430895,2.15,7.0,0.0,0.35,0
2501,4jxs,2,22.76422764227642,3.01,0.0,0.0,0.0,0
2502,4jxs,3,28.455284552845526,2.76,7.0,0.0,0.35,0
2503,4jxs,4,30.89430894308943,2.44,7.0,0.0,0.35,0
2504,4jxs,5,17.88617886178862,8.17,0.0,0.0,0.0,0
2505,4jxs,6,37.39837398373984,2.38,7.0,0.0,0.35,0
2506,4jxs,7,21.951219512195124,3.15,0.0,0.0,0.0,0
2507,4jxs,8,30.081300813008134,3.13,0.0,0.0,0.0,0
2508,4jxs,9,24.390243902439025,3.02,0.0,0.0,0.0,0
2509,4jxs,10,0.0,7.88,0.0,0.0,0.0,0
2510,4k18,1,70.75471698113208,0.54,10.0,7.0,0.85,1
2511,4k18,2,7.547169811320755,4.58,0.0,0.0,0.0,0
2512,4k18,3,22.641509433962266,4.5,0.0,0.0,0.0,0
2513,4k18,4,24.528301886792452,4.73,0.0,0.0,0.0,0
2514,4k18,5,25.471698113207548,4.73,0.0,0.0,0.0,0
2515,4k18,6,61.32075471698113,2.41,7.0,0.0,0.35,0
2516,4k18,7,1.886792452830188,6.18,0.0,0.0,0.0,0
2517,4k18,8,0.0,7.51,0.0,0.0,0.0,0
2518,4k18,9,3.773584905660377,6.17,0.0,0.0,0.0,0
2519,4k18,10,0.0,3.69,0.0,0.0,0.0,0
2520,4k77,1,21.428571428571427,2.37,7.0,0.0,0.35,0
2521,4k77,2,26.785714285714285,3.08,0.0,0.0,0.0,0
2522,4k77,3,0.0,6.62,0.0,0.0,0.0,0
2523,4k77,4,0.0,6.42,0.0,0.0,0.0,0
2524,4k77,5,89.28571428571429,0.23,10.0,10.0,1.0,1
2525,4k77,6,1.7857142857142851,7.76,0.0,0.0,0.0,0
2526,4k77,7,3.571428571428571,6.44,0.0,0.0,0.0,0
2527,4k77,8,37.5,2.18,7.0,0.0,0.35,0
2528,4k77,9,3.571428571428571,6.99,0.0,0.0,0.0,0
2529,4k77,10,0.0,6.55,0.0,0.0,0.0,0
2530,4kz6,1,2.702702702702702,,,0.0,,0
2531,4kz6,2,56.75675675675676,0.76,10.0,0.0,0.5,0
2532,4kz6,3,5.405405405405405,4.93,0.0,0.0,0.0,0
2533,4kz6,4,16.216216216216218,,,0.0,,0
2534,4kz6,5,2.702702702702702,6.07,0.0,0.0,0.0,0
2535,4kz6,6,45.94594594594595,2.29,7.0,0.0,0.35,0
2536,4kz6,7,13.513513513513514,,,0.0,,0
2537,4kz6,8,16.216216216216218,2.78,7.0,0.0,0.35,0
2538,4kz6,9,18.91891891891892,2.46,7.0,0.0,0.35,0
2539,4kz6,10,0.0,3.74,0.0,0.0,0.0,0
2540,4kzq,1,88.88888888888889,0.19,10.0,10.0,1.0,1
2541,4kzq,2,6.172839506172839,6.83,0.0,0.0,0.0,0
2542,4kzq,3,11.11111111111111,6.85,0.0,0.0,0.0,0
2543,4kzq,4,13.580246913580247,6.69,0.0,0.0,0.0,0
2544,4kzq,5,22.22222222222222,2.45,7.0,0.0,0.35,0
2545,4kzq,6,0.0,,,0.0,,0
2546,4kzq,7,0.0,,,0.0,,0
2547,4kzq,8,0.0,,,0.0,,0
2548,4kzq,9,0.0,,,0.0,,0
2549,4kzq,10,0.0,,,0.0,,0
2550,4kzu,1,86.58536585365853,0.19,10.0,10.0,1.0,1
2551,4kzu,2,65.85365853658537,0.85,10.0,0.0,0.5,0
2552,4kzu,3,15.853658536585366,6.58,0.0,0.0,0.0,0
2553,4kzu,4,15.853658536585366,2.4,7.0,0.0,0.35,0
2554,4kzu,5,0.0,,,0.0,,0
2555,4kzu,6,0.0,,,0.0,,0
2556,4kzu,7,0.0,,,0.0,,0
2557,4kzu,8,0.0,,,0.0,,0
2558,4kzu,9,0.0,,,0.0,,0
2559,4kzu,10,0.0,,,0.0,,0
2560,4llx,1,48.78048780487805,0.45,10.0,0.0,0.5,0
2561,4llx,2,82.92682926829268,0.34,10.0,10.0,1.0,1
2562,4llx,3,7.317073170731707,3.3,0.0,0.0,0.0,0
2563,4llx,4,14.634146341463413,2.76,7.0,0.0,0.35,0
2564,4llx,5,14.634146341463413,2.83,7.0,0.0,0.35,0
2565,4llx,6,17.073170731707318,3.17,0.0,0.0,0.0,0
2566,4llx,7,4.878048780487805,3.17,0.0,0.0,0.0,0
2567,4llx,8,26.82926829268293,2.8,7.0,0.0,0.35,0
2568,4llx,9,0.0,4.6,0.0,0.0,0.0,0
2569,4llx,10,0.0,4.63,0.0,0.0,0.0,0
2570,4lzs,1,74.13793103448276,0.71,10.0,7.0,0.85,1
2571,4lzs,2,24.137931034482758,4.54,0.0,0.0,0.0,0
2572,4lzs,3,15.517241379310345,5.41,0.0,0.0,0.0,0
2573,4lzs,4,43.103448275862064,2.71,7.0,0.0,0.35,0
2574,4lzs,5,5.172413793103448,4.8,0.0,0.0,0.0,0
2575,4lzs,6,6.896551724137931,4.66,0.0,0.0,0.0,0
2576,4lzs,7,37.93103448275862,2.78,7.0,0.0,0.35,0
2577,4lzs,8,3.448275862068965,4.95,0.0,0.0,0.0,0
2578,4lzs,9,1.7241379310344822,5.46,0.0,0.0,0.0,0
2579,4lzs,10,0.0,5.01,0.0,0.0,0.0,0
2580,4m0y,1,0.0,7.0,0.0,0.0,0.0,0
2581,4m0y,2,1.052631578947368,7.27,0.0,0.0,0.0,0
2582,4m0y,3,1.052631578947368,6.56,0.0,0.0,0.0,0
2583,4m0y,4,0.0,6.6,0.0,0.0,0.0,0
2584,4m0y,5,1.052631578947368,6.12,0.0,0.0,0.0,0
2585,4m0y,6,0.0,7.19,0.0,0.0,0.0,0
2586,4m0y,7,0.0,7.44,0.0,0.0,0.0,0
2587,4m0y,8,0.0,6.53,0.0,0.0,0.0,0
2588,4m0y,9,1.052631578947368,4.87,0.0,0.0,0.0,0
2589,4m0y,10,0.0,5.57,0.0,0.0,0.0,0
2590,4m0z,1,87.29281767955801,0.42,10.0,10.0,1.0,1
2591,4m0z,2,36.46408839779006,2.82,7.0,0.0,0.35,0
2592,4m0z,3,58.5635359116022,1.31,10.0,0.0,0.5,0
2593,4m0z,4,22.65193370165746,4.14,0.0,0.0,0.0,0
2594,4m0z,5,58.011049723756905,3.25,0.0,0.0,0.0,0
2595,4m0z,6,0.0,,,0.0,,0
2596,4m0z,7,0.0,,,0.0,,0
2597,4m0z,8,0.0,,,0.0,,0
2598,4m0z,9,0.0,,,0.0,,0
2599,4m0z,10,0.0,,,0.0,,0
2600,4mgd,1,78.3625730994152,0.58,10.0,7.0,0.85,1
2601,4mgd,2,66.66666666666666,0.62,10.0,0.0,0.5,0
2602,4mgd,3,68.42105263157895,0.62,10.0,0.0,0.5,0
2603,4mgd,4,10.526315789473683,0.8,10.0,0.0,0.5,0
2604,4mgd,5,13.450292397660817,0.85,10.0,0.0,0.5,0
2605,4mgd,6,8.771929824561402,3.76,0.0,0.0,0.0,0
2606,4mgd,7,26.31578947368421,3.89,0.0,0.0,0.0,0
2607,4mgd,8,18.71345029239766,3.84,0.0,0.0,0.0,0
2608,4mgd,9,7.602339181286549,4.09,0.0,0.0,0.0,0
2609,4mgd,10,0.0,4.01,0.0,0.0,0.0,0
2610,4mme,1,82.97872340425532,0.4,10.0,10.0,1.0,1
2611,4mme,2,19.148936170212767,5.82,0.0,0.0,0.0,0
2612,4mme,3,7.446808510638298,4.73,0.0,0.0,0.0,0
2613,4mme,4,2.127659574468085,6.11,0.0,0.0,0.0,0
2614,4mme,5,20.212765957446805,6.27,0.0,0.0,0.0,0
2615,4mme,6,5.319148936170213,6.74,0.0,0.0,0.0,0
2616,4mme,7,2.127659574468085,6.1,0.0,0.0,0.0,0
2617,4mme,8,0.0,,,0.0,,0
2618,4mme,9,0.0,,,0.0,,0
2619,4mme,10,0.0,,,0.0,,0
2620,4ogj,1,0.0,8.28,0.0,0.0,0.0,0
2621,4ogj,2,18.461538461538463,6.46,0.0,0.0,0.0,0
2622,4ogj,3,10.76923076923077,7.32,0.0,0.0,0.0,0
2623,4ogj,4,0.0,8.23,0.0,0.0,0.0,0
2624,4ogj,5,56.92307692307692,4.3,0.0,0.0,0.0,0
2625,4ogj,6,1.5384615384615379,8.29,0.0,0.0,0.0,0
2626,4ogj,7,61.53846153846154,4.55,0.0,0.0,0.0,0
2627,4ogj,8,58.46153846153847,4.93,0.0,0.0,0.0,0
2628,4ogj,9,3.076923076923077,5.28,0.0,0.0,0.0,0
2629,4ogj,10,0.0,3.54,0.0,0.0,0.0,0
2630,4owm,1,38.46153846153847,2.8,7.0,0.0,0.35,0
2631,4owm,2,48.07692307692308,2.09,7.0,0.0,0.35,0
2632,4owm,3,17.307692307692307,2.55,7.0,0.0,0.35,0
2633,4owm,4,9.615384615384617,3.0,0.0,0.0,0.0,0
2634,4owm,5,3.846153846153846,3.52,0.0,0.0,0.0,0
2635,4owm,6,71.15384615384616,0.66,10.0,7.0,0.85,1
2636,4owm,7,17.307692307692307,2.94,7.0,0.0,0.35,0
2637,4owm,8,9.615384615384617,4.7,0.0,0.0,0.0,0
2638,4owm,9,26.923076923076923,3.36,0.0,0.0,0.0,0
2639,4owm,10,0.0,2.59,7.0,0.0,0.35,0
2640,4pcs,1,82.41758241758241,0.69,10.0,10.0,1.0,1
2641,4pcs,2,5.494505494505494,3.71,0.0,0.0,0.0,0
2642,4pcs,3,38.46153846153847,3.1,0.0,0.0,0.0,0
2643,4pcs,4,73.62637362637363,1.93,10.0,7.0,0.85,1
2644,4pcs,5,7.692307692307692,3.51,0.0,0.0,0.0,0
2645,4pcs,6,6.593406593406594,2.97,7.0,0.0,0.35,0
2646,4pcs,7,8.791208791208792,4.49,0.0,0.0,0.0,0
2647,4pcs,8,2.197802197802198,6.95,0.0,0.0,0.0,0
2648,4pcs,9,4.395604395604396,6.32,0.0,0.0,0.0,0
2649,4pcs,10,0.0,7.82,0.0,0.0,0.0,0
2650,4qac,1,74.10714285714286,0.52,10.0,7.0,0.85,1
2651,4qac,2,0.446428571428571,6.73,0.0,0.0,0.0,0
2652,4qac,3,0.0,6.92,0.0,0.0,0.0,0
2653,4qac,4,0.0,6.99,0.0,0.0,0.0,0
2654,4qac,5,0.0,6.94,0.0,0.0,0.0,0
2655,4qac,6,0.0,6.97,0.0,0.0,0.0,0
2656,4qac,7,23.214285714285715,8.47,0.0,0.0,0.0,0
2657,4qac,8,0.0,6.12,0.0,0.0,0.0,0
2658,4qac,9,0.0,,,0.0,,0
2659,4qac,10,0.0,,,0.0,,0
2660,4qd6,1,48.57142857142857,4.97,0.0,0.0,0.0,0
2661,4qd6,2,61.904761904761905,3.98,0.0,0.0,0.0,0
2662,4qd6,3,48.57142857142857,6.08,0.0,0.0,0.0,0
2663,4qd6,4,60.0,1.12,10.0,0.0,0.5,0
2664,4qd6,5,50.476190476190474,4.0,0.0,0.0,0.0,0
2665,4qd6,6,44.761904761904766,5.14,0.0,0.0,0.0,0
2666,4qd6,7,41.904761904761905,6.75,0.0,0.0,0.0,0
2667,4qd6,8,9.523809523809524,5.99,0.0,0.0,0.0,0
2668,4qd6,9,40.0,4.7,0.0,0.0,0.0,0
2669,4qd6,10,0.0,6.65,0.0,0.0,0.0,0
2670,4rfm,1,46.07843137254902,4.3,0.0,0.0,0.0,0
2671,4rfm,2,32.35294117647059,4.56,0.0,0.0,0.0,0
2672,4rfm,3,68.62745098039215,0.59,10.0,0.0,0.5,0
2673,4rfm,4,40.19607843137255,3.95,0.0,0.0,0.0,0
2674,4rfm,5,52.94117647058824,3.48,0.0,0.0,0.0,0
2675,4rfm,6,43.13725490196079,2.88,7.0,0.0,0.35,0
2676,4rfm,7,49.01960784313725,2.42,7.0,0.0,0.35,0
2677,4rfm,8,49.01960784313725,3.53,0.0,0.0,0.0,0
2678,4rfm,9,50.98039215686274,3.5,0.0,0.0,0.0,0
2679,4rfm,10,0.0,3.43,0.0,0.0,0.0,0
2680,4tmn,1,0.602409638554216,8.41,0.0,0.0,0.0,0
2681,4tmn,2,0.602409638554216,9.02,0.0,0.0,0.0,0
2682,4tmn,3,3.614457831325301,7.38,0.0,0.0,0.0,0
2683,4tmn,4,0.602409638554216,10.0,0.0,0.0,0.0,0
2684,4tmn,5,4.216867469879518,9.31,0.0,0.0,0.0,0
2685,4tmn,6,1.204819277108433,7.45,0.0,0.0,0.0,0
2686,4tmn,7,0.602409638554216,9.47,0.0,0.0,0.0,0
2687,4tmn,8,0.0,9.97,0.0,0.0,0.0,0
2688,4tmn,9,10.240963855421686,7.42,0.0,0.0,0.0,0
2689,4tmn,10,0.0,9.79,0.0,0.0,0.0,0
2690,4twp,1,27.956989247311824,2.7,7.0,0.0,0.35,0
2691,4twp,2,47.31182795698925,1.47,10.0,0.0,0.5,0
2692,4twp,3,10.75268817204301,9.64,0.0,0.0,0.0,0
2693,4twp,4,65.59139784946237,1.15,10.0,0.0,0.5,0
2694,4twp,5,8.60215053763441,4.7,0.0,0.0,0.0,0
2695,4twp,6,10.75268817204301,9.63,0.0,0.0,0.0,0
2696,4twp,7,1.075268817204301,7.04,0.0,0.0,0.0,0
2697,4twp,8,37.634408602150536,2.75,7.0,0.0,0.35,0
2698,4twp,9,4.301075268817205,5.66,0.0,0.0,0.0,0
2699,4twp,10,0.0,7.06,0.0,0.0,0.0,0
2700,4ty7,1,5.789473684210526,9.73,0.0,0.0,0.0,0
2701,4ty7,2,6.315789473684211,9.47,0.0,0.0,0.0,0
2702,4ty7,3,77.36842105263158,0.24,10.0,7.0,0.85,1
2703,4ty7,4,56.84210526315789,3.01,0.0,0.0,0.0,0
2704,4ty7,5,2.6315789473684212,10.17,0.0,0.0,0.0,0
2705,4ty7,6,26.842105263157894,5.72,0.0,0.0,0.0,0
2706,4ty7,7,5.2631578947368425,9.62,0.0,0.0,0.0,0
2707,4ty7,8,7.894736842105263,9.0,0.0,0.0,0.0,0
2708,4ty7,9,11.578947368421053,6.15,0.0,0.0,0.0,0
2709,4ty7,10,0.0,9.16,0.0,0.0,0.0,0
2710,4u4s,1,33.76623376623377,3.61,0.0,0.0,0.0,0
2711,4u4s,2,81.81818181818183,0.66,10.0,10.0,1.0,1
2712,4u4s,3,53.246753246753244,1.47,10.0,0.0,0.5,0
2713,4u4s,4,32.467532467532465,3.42,0.0,0.0,0.0,0
2714,4u4s,5,9.090909090909092,3.44,0.0,0.0,0.0,0
2715,4u4s,6,3.896103896103896,4.72,0.0,0.0,0.0,0
2716,4u4s,7,12.987012987012985,5.69,0.0,0.0,0.0,0
2717,4u4s,8,14.285714285714285,4.09,0.0,0.0,0.0,0
2718,4u4s,9,5.194805194805195,4.56,0.0,0.0,0.0,0
2719,4u4s,10,0.0,,,0.0,,0
2720,4w9c,1,83.65384615384616,0.31,10.0,10.0,1.0,1
2721,4w9c,2,5.769230769230769,9.5,0.0,0.0,0.0,0
2722,4w9c,3,9.615384615384617,10.07,0.0,0.0,0.0,0
2723,4w9c,4,27.884615384615387,3.49,0.0,0.0,0.0,0
2724,4w9c,5,38.46153846153847,2.87,7.0,0.0,0.35,0
2725,4w9c,6,5.288461538461538,9.08,0.0,0.0,0.0,0
2726,4w9c,7,4.807692307692308,8.94,0.0,0.0,0.0,0
2727,4w9c,8,26.442307692307693,3.2,0.0,0.0,0.0,0
2728,4w9c,9,42.78846153846153,2.81,7.0,0.0,0.35,0
2729,4w9c,10,0.0,10.35,0.0,0.0,0.0,0
2730,4w9h,1,69.8473282442748,1.21,10.0,0.0,0.5,0
2731,4w9h,2,78.62595419847328,0.49,10.0,7.0,0.85,1
2732,4w9h,3,57.25190839694656,1.46,10.0,0.0,0.5,0
2733,4w9h,4,49.61832061068702,3.14,0.0,0.0,0.0,0
2734,4w9h,5,44.274809160305345,7.27,0.0,0.0,0.0,0
2735,4w9h,6,27.86259541984733,8.08,0.0,0.0,0.0,0
2736,4w9h,7,44.274809160305345,2.63,7.0,0.0,0.35,0
2737,4w9h,8,6.106870229007633,10.31,0.0,0.0,0.0,0
2738,4w9h,9,29.00763358778626,5.1,0.0,0.0,0.0,0
2739,4w9h,10,0.0,7.26,0.0,0.0,0.0,0
2740,4w9i,1,70.75471698113208,1.27,10.0,7.0,0.85,1
2741,4w9i,2,13.20754716981132,4.33,0.0,0.0,0.0,0
2742,4w9i,3,26.41509433962264,4.71,0.0,0.0,0.0,0
2743,4w9i,4,2.830188679245283,4.45,0.0,0.0,0.0,0
2744,4w9i,5,13.20754716981132,3.96,0.0,0.0,0.0,0
2745,4w9i,6,13.20754716981132,4.23,0.0,0.0,0.0,0
2746,4w9i,7,10.377358490566039,3.94,0.0,0.0,0.0,0
2747,4w9i,8,8.49056603773585,10.28,0.0,0.0,0.0,0
2748,4w9i,9,14.150943396226415,10.16,0.0,0.0,0.0,0
2749,4w9i,10,0.0,10.23,0.0,0.0,0.0,0
2750,4w9l,1,67.53731343283582,1.1,10.0,0.0,0.5,0
2751,4w9l,2,80.97014925373134,0.47,10.0,10.0,1.0,1
2752,4w9l,3,55.970149253731336,2.23,7.0,0.0,0.35,0
2753,4w9l,4,47.76119402985074,6.14,0.0,0.0,0.0,0
2754,4w9l,5,11.940298507462686,6.22,0.0,0.0,0.0,0
2755,4w9l,6,25.0,11.23,0.0,0.0,0.0,0
2756,4w9l,7,45.8955223880597,6.41,0.0,0.0,0.0,0
2757,4w9l,8,46.26865671641791,3.5,0.0,0.0,0.0,0
2758,4w9l,9,31.716417910447763,6.42,0.0,0.0,0.0,0
2759,4w9l,10,0.0,3.66,0.0,0.0,0.0,0
2760,4wiv,1,58.92857142857143,4.17,0.0,0.0,0.0,0
2761,4wiv,2,33.92857142857143,4.57,0.0,0.0,0.0,0
2762,4wiv,3,82.14285714285714,0.6,10.0,10.0,1.0,1
2763,4wiv,4,58.92857142857143,1.7,10.0,0.0,0.5,0
2764,4wiv,5,0.0,8.25,0.0,0.0,0.0,0
2765,4wiv,6,0.0,8.23,0.0,0.0,0.0,0
2766,4wiv,7,21.428571428571427,4.36,0.0,0.0,0.0,0
2767,4wiv,8,32.142857142857146,4.04,0.0,0.0,0.0,0
2768,4wiv,9,42.857142857142854,3.55,0.0,0.0,0.0,0
2769,4wiv,10,0.0,,,0.0,,0
2770,4x6p,1,76.22377622377621,0.73,10.0,7.0,0.85,1
2771,4x6p,2,74.82517482517483,2.36,7.0,7.0,0.7,1
2772,4x6p,3,37.06293706293706,2.16,7.0,0.0,0.35,0
2773,4x6p,4,0.699300699300699,11.19,0.0,0.0,0.0,0
2774,4x6p,5,0.699300699300699,9.8,0.0,0.0,0.0,0
2775,4x6p,6,0.0,9.58,0.0,0.0,0.0,0
2776,4x6p,7,1.398601398601398,10.59,0.0,0.0,0.0,0
2777,4x6p,8,2.797202797202797,10.19,0.0,0.0,0.0,0
2778,4x6p,9,11.188811188811188,10.39,0.0,0.0,0.0,0
2779,4x6p,10,0.0,11.14,0.0,0.0,0.0,0
2780,5a7b,1,67.94871794871796,1.75,10.0,0.0,0.5,0
2781,5a7b,2,64.1025641025641,3.81,0.0,0.0,0.0,0
2782,5a7b,3,60.256410256410255,4.16,0.0,0.0,0.0,0
2783,5a7b,4,65.38461538461539,2.01,7.0,0.0,0.35,0
2784,5a7b,5,3.846153846153846,10.61,0.0,0.0,0.0,0
2785,5a7b,6,20.51282051282051,3.26,0.0,0.0,0.0,0
2786,5a7b,7,0.0,6.58,0.0,0.0,0.0,0
2787,5a7b,8,0.0,7.07,0.0,0.0,0.0,0
2788,5a7b,9,0.0,6.67,0.0,0.0,0.0,0
2789,5a7b,10,0.0,6.77,0.0,0.0,0.0,0
2790,5aba,1,69.23076923076923,1.18,10.0,0.0,0.5,0
2791,5aba,2,30.76923076923077,2.58,7.0,0.0,0.35,0
2792,5aba,3,15.384615384615385,3.56,0.0,0.0,0.0,0
2793,5aba,4,61.53846153846154,1.61,10.0,0.0,0.5,0
2794,5aba,5,1.923076923076923,8.41,0.0,0.0,0.0,0
2795,5aba,6,3.846153846153846,8.25,0.0,0.0,0.0,0
2796,5aba,7,0.0,8.31,0.0,0.0,0.0,0
2797,5aba,8,3.846153846153846,8.39,0.0,0.0,0.0,0
2798,5aba,9,0.0,8.36,0.0,0.0,0.0,0
2799,5aba,10,0.0,2.73,7.0,0.0,0.35,0
2800,5c28,1,50.0,2.52,7.0,0.0,0.35,0
2801,5c28,2,14.814814814814813,4.74,0.0,0.0,0.0,0
2802,5c28,3,77.77777777777779,0.46,10.0,7.0,0.85,1
2803,5c28,4,20.37037037037037,3.84,0.0,0.0,0.0,0
2804,5c28,5,24.074074074074073,3.54,0.0,0.0,0.0,0
2805,5c28,6,18.51851851851852,3.97,0.0,0.0,0.0,0
2806,5c28,7,16.666666666666664,3.82,0.0,0.0,0.0,0
2807,5c28,8,0.0,4.93,0.0,0.0,0.0,0
2808,5c28,9,14.814814814814813,4.0,0.0,0.0,0.0,0
2809,5c28,10,0.0,,,0.0,,0
2810,5c2h,1,56.52173913043478,,,0.0,,0
2811,5c2h,2,2.608695652173913,,,0.0,,0
2812,5c2h,3,54.78260869565217,,,0.0,,0
2813,5c2h,4,64.34782608695652,,,0.0,,0
2814,5c2h,5,1.739130434782608,,,0.0,,0
2815,5c2h,6,2.608695652173913,,,0.0,,0
2816,5c2h,7,0.0,,,0.0,,0
2817,5c2h,8,4.347826086956521,,,0.0,,0
2818,5c2h,9,0.0,,,0.0,,0
2819,5c2h,10,0.0,,,0.0,,0
2820,5dwr,1,79.38144329896907,0.5,10.0,7.0,0.85,1
2821,5dwr,2,5.154639175257731,6.13,0.0,0.0,0.0,0
2822,5dwr,3,30.927835051546392,2.51,7.0,0.0,0.35,0
2823,5dwr,4,6.1855670103092795,5.54,0.0,0.0,0.0,0
2824,5dwr,5,4.123711340206185,7.58,0.0,0.0,0.0,0
2825,5dwr,6,14.432989690721648,3.95,0.0,0.0,0.0,0
2826,5dwr,7,5.154639175257731,5.92,0.0,0.0,0.0,0
2827,5dwr,8,10.309278350515463,5.89,0.0,0.0,0.0,0
2828,5dwr,9,3.092783505154639,5.37,0.0,0.0,0.0,0
2829,5dwr,10,0.0,6.59,0.0,0.0,0.0,0
2830,5tmn,1,57.608695652173914,2.78,7.0,0.0,0.35,0
2831,5tmn,2,4.347826086956521,8.99,0.0,0.0,0.0,0
2832,5tmn,3,7.608695652173914,8.76,0.0,0.0,0.0,0
2833,5tmn,4,1.08695652173913,8.38,0.0,0.0,0.0,0
2834,5tmn,5,19.565217391304348,4.58,0.0,0.0,0.0,0
2835,5tmn,6,4.347826086956521,10.31,0.0,0.0,0.0,0
2836,5tmn,7,6.521739130434782,7.67,0.0,0.0,0.0,0
2837,5tmn,8,21.73913043478261,5.06,0.0,0.0,0.0,0
2838,5tmn,9,0.0,8.78,0.0,0.0,0.0,0
2839,5tmn,10,0.0,9.27,0.0,0.0,0.0,0
